Id,SalePrice
1,120262.8125
2,127042.546875
3,203760.625
4,122961.8671875
5,193554.578125
6,229491
7,192275.4375
8,199947.625
9,164380.875
10,124605.375
11,184067.53125
12,138197.953125
13,142197.640625
14,154141.546875
15,150041.515625
16,177546.359375
17,192038.53125
18,153435.703125
19,191413.046875
20,143853.375
21,154935.125
22,176401.25
23,150175.984375
24,135429.28125
25,177029.25
26,121238.3828125
27,170978.203125
28,184996.875
29,279599.4375
30,187124.03125
31,136235.28125
32,179095.28125
33,162904.640625
34,176585.03125
35,195569.515625
36,149437.78125
37,139386.53125
38,201876.375
39,142870.703125
40,156864.484375
41,160143.875
42,177840.875
43,191461.859375
44,245194.640625
45,238440.578125
46,190426.53125
47,181264.578125
48,197886
49,156728.453125
50,176470.84375
51,240652.046875
52,162381.546875
53,158730.15625
54,187071.59375
55,176873.796875
56,189547.625
57,164790.859375
58,149115.78125
59,166652.21875
60,141939.046875
61,161164.328125
62,181513.265625
63,140589.125
64,207264.671875
65,128156.671875
66,185265.921875
67,164930.609375
68,161031.328125
69,214376.640625
70,177491.1875
71,161341.015625
72,137715.15625
73,293446.75
74,139370.6875
75,140833.921875
76,126037.578125
77,225636.625
78,201657.28125
79,163238.875
80,172956.734375
81,211452.546875
82,172879.53125
83,170443.71875
84,150166.328125
85,171951.140625
86,149198.15625
87,117420.078125
88,164790.171875
89,196630.515625
90,160961.046875
91,112573.453125
92,179909.90625
93,193578.296875
94,166265.390625
95,192074.09375
96,186317.8125
97,186228.90625
98,321692.03125
99,136266.515625
100,110488.34375
101,161925.265625
102,128048.8515625
103,158004.265625
104,141272.9375
105,209923.359375
106,236584.703125
107,192200.3125
108,235194.75
109,156860
110,212720.671875
111,102009.09375
112,126865.9375
113,138402.65625
114,193319.484375
115,197195.046875
116,100180.875
117,169023.34375
118,144434.5
119,122699.5546875
120,170892.75
121,112415.578125
122,211416.296875
123,150584.515625
124,177891.65625
125,188588.015625
126,228777.375
127,135629.890625
128,134349.46875
129,181683.078125
130,147712.09375
131,175645.53125
132,208953.546875
133,214178.84375
134,141666.640625
135,152597.546875
136,148828.71875
137,172037.390625
138,220057.421875
139,137169.9375
140,151729.125
141,174399.234375
142,218465.15625
143,116593.46875
144,172511.34375
145,119001.703125
146,170218.1875
147,198259.390625
148,149028.28125
149,238394.234375
150,133633.15625
151,202511.359375
152,180461.65625
153,177454.40625
154,182770.625
155,127295.8125
156,187377.0625
157,130899.875
158,181055.15625
159,217022.6875
160,144478.34375
161,193140.296875
162,190780.015625
163,195320.71875
164,186962.34375
165,199254.109375
166,158651.5
167,237633.15625
168,125396.4609375
169,114281.3125
170,131537.984375
171,162840.828125
172,202395.75
173,275741.15625
174,141413.296875
175,130472.765625
176,170478.203125
177,211022.875
178,220832.859375
179,190555.5625
180,168940
181,165271.359375
182,145642.25
183,118619.4140625
184,177292.9375
185,173249.6875
186,143221.78125
187,185369.03125
188,235111.875
189,170179.015625
190,190529.546875
191,170516.765625
192,138734.390625
193,162202.71875
194,170791.421875
195,169825.890625
196,141182.203125
197,227116.1875
198,301527.21875
199,236216.46875
200,147532.96875
201,190987.125
202,134901.90625
203,125014.1875
204,121739.4375
205,221189.34375
206,202700.421875
207,160561.265625
208,254502.09375
209,199181.75
210,225149.75
211,206453.390625
212,191795.84375
213,147069.09375
214,169062.125
215,291401.5
216,223999.84375
217,171359.921875
218,157976.03125
219,164399.09375
220,224658.8125
221,175328.109375
222,141090.3125
223,154071.25
224,160901.03125
225,211502.71875
226,181069.21875
227,169268.21875
228,176383.46875
229,167614.546875
230,176679.71875
231,144596.953125
232,209897.015625
233,137046.90625
234,160246.375
235,203883.890625
236,203008.03125
237,189434.59375
238,217787.296875
239,181700.734375
240,150387.109375
241,145168.15625
242,147447.234375
243,150457.15625
244,140667.984375
245,143240.828125
246,183252.421875
247,191367.96875
248,160299.21875
249,168069.9375
250,162040.6875
251,145399.21875
252,142402.28125
253,119310.5703125
254,117231.7734375
255,258969.125
256,135714.78125
257,154922.46875
258,192806.375
259,174975.140625
260,204098.375
261,193585.6875
262,219946.734375
263,120294.2578125
264,130522.9609375
265,160539.015625
266,126490.421875
267,187436.875
268,197323.09375
269,156404.390625
270,167663.578125
271,140379.40625
272,171641.46875
273,222325.140625
274,176881.46875
275,129717.015625
276,174114.359375
277,142598.421875
278,149900.546875
279,246828.3125
280,162437.390625
281,152969.109375
282,166667.515625
283,147387.46875
284,159989.171875
285,207950.328125
286,153545.890625
287,140102.03125
288,120369.15625
289,130323.5546875
290,312328.21875
291,132952.015625
292,140817.328125
293,127291.2265625
294,157049.15625
295,137089.28125
296,191046.84375
297,130491.7421875
298,141193.359375
299,166920.921875
300,156385.671875
301,139771.828125
302,146657.140625
303,219501.328125
304,141783.578125
305,228668.15625
306,178150.4375
307,144200.078125
308,182089.578125
309,164473.375
310,295021.0625
311,177309.484375
312,168584.328125
313,182506.875
314,131694
315,120597.4296875
316,112797.2734375
317,182010.453125
318,169796.078125
319,171048.15625
320,140814.109375
321,150563.453125
322,149783.109375
323,226174.1875
324,185912.96875
325,225702.265625
326,132931.78125
327,109768.3671875
328,121792.5078125
329,166834.453125
330,131097.8125
331,177081.25
332,164889.671875
333,169569.359375
334,200254.328125
335,142906.703125
336,124562.4765625
337,183940.453125
338,138374.796875
339,158111.203125
340,159935.328125
341,151357.53125
342,131778.234375
343,161149.671875
344,181458.71875
345,187761.5
346,196556.453125
347,153400.109375
348,152070
349,118702.65625
350,202847.390625
351,182324.921875
352,149437.984375
353,239124
354,169854.953125
355,154365.34375
356,180679.890625
357,170314.703125
358,176580.734375
359,178592.546875
360,136358.9375
361,161320.375
362,185045.796875
363,115861.4296875
364,171295.453125
365,172946.515625
366,127135.3515625
367,132911.46875
368,200381.125
369,143648.40625
370,112931.7578125
371,175535.234375
372,156792.640625
373,185108.109375
374,132133.25
375,185186.703125
376,182082.53125
377,161248.546875
378,172742.828125
379,191232.515625
380,188522.78125
381,132212
382,186513.90625
383,164361.90625
384,209638.75
385,179405.5625
386,277111.03125
387,207897.46875
388,123066.21875
389,137878.40625
390,142564.875
391,180755.484375
392,143978.953125
393,192261.59375
394,153788.234375
395,172931.671875
396,146067.15625
397,155008.9375
398,167628.625
399,144953.234375
400,159356.796875
401,131457.515625
402,167337.359375
403,192906.953125
404,157630.21875
405,130077.453125
406,191108.296875
407,135971.359375
408,188115.9375
409,172038.734375
410,169154.90625
411,146752.09375
412,181540.09375
413,159818.34375
414,217257.15625
415,159716.5625
416,160662.4375
417,172184.25
418,181023.4375
419,170915.6875
420,177079.65625
421,182287
422,185749.28125
423,269689.625
424,166309.65625
425,279685.25
426,159597.59375
427,177721.453125
428,169635.71875
429,133715.328125
430,171350.65625
431,224547.6875
432,188519.84375
433,151831.890625
434,267702.9375
435,133228.015625
436,172503.1875
437,131952.875
438,132914.890625
439,216543.46875
440,148367.046875
441,161422.578125
442,204091.734375
443,183806.796875
444,262256.53125
445,211118.90625
446,229285.828125
447,134406.0625
448,216191.9375
449,156623.8125
450,128016.09375
451,168330.734375
452,132729.53125
453,153516.53125
454,164249.59375
455,147841.671875
456,150716.671875
457,135893.4375
458,198703.671875
459,271536.46875
460,142848.703125
461,172290.96875
462,107410.859375
463,196629.0625
464,142647.015625
465,139750.203125
466,172299.125
467,143963.734375
468,156863.875
469,133053.796875
470,131484.4375
471,138547.25
472,218659.46875
473,190274.734375
474,144689.75
475,236319.96875
476,189998.53125
477,176426.734375
478,156408.984375
479,224586.5
480,153852.71875
481,166046.328125
482,166419.328125
483,150082.21875
484,142158.828125
485,146521.859375
486,211243.25
487,116905.1171875
488,175771.953125
489,166522.640625
490,146862.421875
491,178948.640625
492,175460.078125
493,244244.140625
494,168084.75
495,215215.234375
496,100656.0390625
497,179186.828125
498,205506.703125
499,153749.734375
500,180112.34375
501,163754.109375
502,186318.578125
503,161229.984375
504,168580.875
505,175371.140625
506,159445.3125
507,159224.359375
508,175420.71875
509,221675.890625
510,151487.59375
511,238490.515625
512,169818.40625
513,217154.875
514,157260.234375
515,168496.75
516,171738.59375
517,162829.703125
518,190661.625
519,154374.578125
520,135577.578125
521,192771.40625
522,219545.109375
523,191052.765625
524,198621.703125
525,172035.46875
526,226485.8125
527,144466.53125
528,216583.09375
529,98105.984375
530,140442.640625
531,143261
532,284170.40625
533,124003.875
534,246609.0625
535,135423.75
536,213576.265625
537,163242.984375
538,165770.640625
539,171891.625
540,145422.984375
541,259503.765625
542,182411.5625
543,201150.890625
544,211254.296875
545,141648.125
546,143902.53125
547,180742.140625
548,240345.90625
549,147380.515625
550,150335.34375
551,143359
552,296781.375
553,105239.890625
554,154273.765625
555,167399.796875
556,163477.234375
557,182444.234375
558,171882.25
559,130114.8671875
560,177516.34375
561,217928.75
562,131848.546875
563,215686.28125
564,95566.5078125
565,200164.453125
566,158432.734375
567,160305.421875
568,160732.4375
569,143299.03125
570,143647.015625
571,155068.40625
572,227967.09375
573,166736.125
574,145004.75
575,146086.390625
576,178041.984375
577,142729.953125
578,160404.390625
579,172710.234375
580,212769.515625
581,179622.234375
582,178551.203125
583,228677.859375
584,154476.515625
585,164998.3125
586,175346.28125
587,293108.5625
588,238482.59375
589,202464.46875
590,125825.546875
591,88256.53125
592,194360.96875
593,180617.484375
594,91402.7734375
595,178920.671875
596,151036.390625
597,202592.625
598,144241.5625
599,162519.140625
600,102505.828125
601,170523.8125
602,139137.625
603,282105.71875
604,126296.9609375
605,153688
606,141055.125
607,191728.140625
608,211878.1875
609,139478.453125
610,138727.53125
611,180558.75
612,188496.6875
613,146437.640625
614,209378.484375
615,177460.15625
616,175053.484375
617,168187.765625
618,174617.453125
619,159747.53125
620,159210.890625
621,140536.25
622,140578.59375
623,128201.59375
624,113370.8359375
625,246165.703125
626,160570.21875
627,158145.03125
628,129968.1953125
629,164618.46875
630,137167.734375
631,188831.609375
632,223693.96875
633,206529.03125
634,162735.328125
635,175125.0625
636,191551.28125
637,228345.03125
638,237822.484375
639,175280.265625
640,149568.5625
641,173250.640625
642,221030.65625
643,188926.765625
644,134556.03125
645,180596.03125
646,168645.328125
647,148869.875
648,185583
649,183556
650,174718.625
651,124925.9140625
652,178405.765625
653,148485.453125
654,162854.734375
655,164408.578125
656,205605.75
657,139995.734375
658,182010.453125
659,220879.96875
660,168709.796875
661,164689.890625
662,161711.15625
663,181256.6875
664,193788
665,116387.1484375
666,154568.140625
667,138140.328125
668,141853.734375
669,165687.40625
670,165244.140625
671,142501.546875
672,127280.1015625
673,159374.453125
674,215704.5
675,106353.53125
676,183072.515625
677,216083.96875
678,206719.765625
679,209324.40625
680,170871.46875
681,185744.453125
682,135068.4375
683,96694.015625
684,126331.0703125
685,189493.71875
686,182572.828125
687,176690.921875
688,209464.484375
689,110394.5625
690,194109.28125
691,149434.203125
692,170141.125
693,151430.265625
694,209167.796875
695,156999.25
696,234939.015625
697,138578.09375
698,159696.90625
699,152047.515625
700,119168.671875
701,219393.15625
702,167715.5
703,289082.3125
704,245418.65625
705,153146.765625
706,191975.9375
707,172413.1875
708,205561.875
709,174585.28125
710,224897.359375
711,188982.34375
712,148169.8125
713,221881.140625
714,219176.6875
715,122206.640625
716,222254.078125
717,203548.390625
718,145184.90625
719,132241.578125
720,138268.71875
721,150193.90625
722,176893.78125
723,123356.6796875
724,135051.46875
725,179576.40625
726,128297.8828125
727,171438.578125
728,145868.484375
729,184099.546875
730,193728.375
731,190874.875
732,201788.59375
733,160354.15625
734,225278.203125
735,173965.0625
736,196199.484375
737,142611.296875
738,137502.890625
739,131591.359375
740,180606.921875
741,169314.5
742,172862.609375
743,190299.53125
744,216411.296875
745,128521.0078125
746,175532.703125
747,141952.125
748,152119.25
749,195552.796875
750,172927.859375
751,201277.59375
752,239912.796875
753,185347.09375
754,172278.515625
755,184804.140625
756,138798.328125
757,172089.890625
758,184070.96875
759,195888.921875
760,161909.703125
761,187625.53125
762,102211.9609375
763,135307.640625
764,173743.46875
765,129745.3125
766,170032.84375
767,184585.140625
768,167959.21875
769,266462.0625
770,137891.96875
771,226948.171875
772,211850.03125
773,117172.4453125
774,147556.78125
775,167883.578125
776,184044.03125
777,147510.640625
778,153327.65625
779,235862.65625
780,136190.90625
781,167113.46875
782,120545.9296875
783,146946.6875
784,205668.828125
785,159421.9375
786,209406.015625
787,272266.6875
788,175265.96875
789,162677.84375
790,188734.828125
791,255045.34375
792,189081.40625
793,138130.328125
794,168797.734375
795,231713.609375
796,197484.84375
797,152940.46875
798,147777.28125
799,104226.5859375
800,177853.4375
801,148755.40625
802,219894.765625
803,103209.734375
804,176076.125
805,197135
806,141482.109375
807,180152.71875
808,221946.140625
809,192920.515625
810,107353.8828125
811,194199.78125
812,134955
813,179895.890625
814,152023.515625
815,175835.015625
816,143782.578125
817,158534.15625
818,200502.40625
819,124614.28125
820,162846.015625
821,298278.375
822,133972.09375
823,158245.296875
824,187371.4375
825,177329.765625
826,224331.890625
827,170435.78125
828,179792.28125
829,136107.453125
830,177863.3125
831,214349.078125
832,220205.828125
833,273754.78125
834,125539.3359375
835,233425.578125
836,149494.1875
837,188465.734375
838,156953.8125
839,192308.71875
840,198002.5
841,284209.5
842,178389.65625
843,136567.0625
844,170782.375
845,154070.84375
846,245384.953125
847,123797.28125
848,194250.671875
849,209130.484375
850,150350.8125
851,209448.609375
852,249837.9375
853,183283.734375
854,162886.03125
855,256309.953125
856,274904.8125
857,206621.5
858,142210.03125
859,208756.09375
860,236793.4375
861,130740.5625
862,231480.453125
863,149103.34375
864,203070.71875
865,174177.375
866,189246.8125
867,199985.34375
868,126192.53125
869,144302.15625
870,162001.109375
871,182348.75
872,156588.03125
873,265844.625
874,205433.578125
875,194172.90625
876,173377.125
877,127489.4453125
878,173426.765625
879,138430.65625
880,148857.703125
881,147338.828125
882,186711.484375
883,233124.546875
884,132095.71875
885,130143.265625
886,164837.078125
887,116175.1484375
888,184589.609375
889,174002.578125
890,164632.484375
891,176199.9375
892,252871.46875
893,176683.796875
894,163853.6875
895,227660.15625
896,176915.890625
897,223226.765625
898,172581.25
899,121505.34375
900,150750.921875
901,140619.65625
902,115924.5234375
903,219412.390625
904,236394.65625
905,207395.640625
906,254392.578125
907,133988.109375
908,231771.765625
909,141699.03125
910,149936.3125
911,150815.421875
912,134999.484375
913,262475.34375
914,134633.796875
915,145038.96875
916,247483.5
917,184389.921875
918,143480.53125
919,194505.921875
920,142137.8125
921,212552.6875
922,170034.9375
923,198014.609375
924,171364.625
925,182384.234375
926,148955.296875
927,171390.03125
928,141370.21875
929,166511.359375
930,175269.0625
931,158358.984375
932,231091.828125
933,176282.359375
934,221993.953125
935,237760.328125
936,166157.015625
937,159173.15625
938,141123.96875
939,253100.703125
940,190245.375
941,162800.15625
942,185863.34375
943,138093.890625
944,176397.5
945,153743.96875
946,233150.609375
947,160502.4375
948,240397.578125
949,202663.09375
950,131553.375
951,107689.625
952,129790.6328125
953,242852.140625
954,199964.390625
955,126160.6484375
956,177707.8125
957,134267.328125
958,238273.484375
959,260686.96875
960,147464.984375
961,142488.0625
962,118295.359375
963,205085.09375
964,301220.375
965,197929.625
966,133190.65625
967,168060.796875
968,154391.3125
969,182531.484375
970,153005.484375
971,187765.765625
972,198025.53125
973,173634.046875
974,232178.09375
975,171115.84375
976,145420.40625
977,159300.640625
978,113014.109375
979,242822.640625
980,160860.625
981,167274.140625
982,153669.53125
983,121792.40625
984,147586.671875
985,147621.484375
986,192967.40625
987,102594.7578125
988,106957.1875
989,178813.703125
990,124669.2890625
991,219613.75
992,204379.0625
993,201679.390625
994,107867.65625
995,221926.15625
996,168388.09375
997,174321.828125
998,147381.109375
999,182527.953125
1000,135896.84375
1001,191849.59375
1002,149965.96875
1003,114067.4375
1004,118413.265625
1005,217603.703125
1006,162414.421875
1007,141883.140625
1008,102084.546875
1009,243068.8125
1010,157281.53125
1011,184713.40625
1012,177648.515625
1013,142142.578125
1014,155136.671875
1015,132010.015625
1016,201166.5625
1017,192927.875
1018,198511.328125
1019,198411.75
1020,183491.640625
1021,202050.53125
1022,203371.375
1023,158837.0625
1024,160968.34375
1025,208068.890625
1026,155458.75
1027,126527.9296875
1028,154291.34375
1029,143393.484375
1030,170772.078125
1031,123095.7265625
1032,149281.15625
1033,173755.171875
1034,135539.078125
1035,164848.6875
1036,149357.46875
1037,110930.296875
1038,161274.65625
1039,180103.953125
1040,195327.71875
1041,257565.453125
1042,149574.140625
1043,124253.6875
1044,188383.640625
1045,220810.328125
1046,163399.734375
1047,150583.578125
1048,170040.390625
1049,141658.609375
1050,157704.1875
1051,238338.609375
1052,197981.375
1053,189343.859375
1054,197253.96875
1055,149300.46875
1056,182185.421875
1057,174882.671875
1058,109160.4765625
1059,155273.125
1060,135566.75
1061,187720.171875
1062,167949.96875
1063,146368.09375
1064,161999.859375
1065,262979.4375
1066,192662.09375
1067,113123.5234375
1068,161663.609375
1069,247939.6875
1070,165897.953125
1071,218770.9375
1072,267650.09375
1073,205596.65625
1074,289100.59375
1075,142527.34375
1076,212064.984375
1077,145677.34375
1078,201548.484375
1079,236059.96875
1080,154274.109375
1081,168045.6875
1082,129562.921875
1083,142884.15625
1084,260529.734375
1085,145227.984375
1086,147316.109375
1087,198285.109375
1088,160333.15625
1089,247386.28125
1090,231733.109375
1091,179181.84375
1092,182064.34375
1093,176476.40625
1094,187743.59375
1095,154846.671875
1096,175582.109375
1097,114486.1015625
1098,220926.109375
1099,224838.5
1100,166336.546875
1101,186671.1875
1102,175788.15625
1103,170313.078125
1104,206496.125
1105,160294.828125
1106,157119.0625
1107,131750.578125
1108,122317.734375
1109,163308.109375
1110,152518.3125
1111,172288.09375
1112,134381.796875
1113,130713.7421875
1114,127323.703125
1115,157626.015625
1116,189614.890625
1117,142467.390625
1118,169559.296875
1119,156084.109375
1120,169920.25
1121,175830.875
1122,167351.890625
1123,138126.078125
1124,124506.8046875
1125,172233.53125
1126,199749.90625
1127,161745.390625
1128,167008.296875
1129,160934.125
1130,162749.71875
1131,211688.265625
1132,170648.796875
1133,222485.09375
1134,217403.15625
1135,144118.546875
1136,128318.890625
1137,145919.203125
1138,181888.09375
1139,172463.484375
1140,123272.0390625
1141,146946.296875
1142,258834.359375
1143,164698.859375
1144,116453.2578125
1145,119083.921875
1146,156913.4375
1147,305890.65625
1148,171526.09375
1149,139300.78125
1150,163625.625
1151,118478.53125
1152,140273.6875
1153,163382
1154,160999.453125
1155,193132.078125
1156,246421.796875
1157,173965.40625
1158,147061.1875
1159,153612.09375
1160,130394.7109375
1161,108387.953125
1162,143280.71875
1163,130805.3359375
1164,148383.640625
1165,105089.9609375
1166,156257.390625
1167,150413.5625
1168,159054.265625
1169,174746.4375
1170,148757.59375
1171,175494.765625
1172,153672.890625
1173,142785.609375
1174,198405.296875
1175,124517.2578125
1176,154696.8125
1177,170839.625
1178,181828.3125
1179,248636.71875
1180,190183.1875
1181,130553.96875
1182,174667.140625
1183,223652.9375
1184,154256.796875
1185,197593.234375
1186,130169.9375
1187,242283.390625
1188,260490.953125
1189,250571.421875
1190,128661.5390625
1191,176792.109375
1192,235212.71875
1193,149346.9375
1194,164766.84375
1195,205361.671875
1196,214509.109375
1197,171179.125
1198,156459.359375
1199,200214.671875
1200,127368.5234375
1201,188160.875
1202,110788.9921875
1203,247848.9375
1204,179249.453125
1205,131415.703125
1206,131479.8125
1207,146133.640625
1208,140487.90625
1209,196000.984375
1210,144850.65625
1211,112598.03125
1212,254788.625
1213,177892.703125
1214,162050.25
1215,205364.46875
1216,148024.375
1217,217831.640625
1218,164831.109375
1219,149778.46875
1220,134250.171875
1221,139888.921875
1222,143239
1223,136741.609375
1224,114542.78125
1225,178788.0625
1226,179495.453125
1227,218882.53125
1228,205538.75
1229,201599.421875
1230,176692.96875
1231,190614.109375
1232,195702.90625
1233,169866.6875
1234,220482.65625
1235,195000.59375
1236,148504.46875
1237,199783.890625
1238,148705.046875
1239,201437.546875
1240,220809.015625
1241,256229.25
1242,192570.109375
1243,184467.109375
1244,167619.78125
1245,168315.0625
1246,240340.25
1247,139037.078125
1248,211582.25
1249,247889.09375
1250,111081.3359375
1251,187252.265625
1252,164507.953125
1253,143876.78125
1254,99574.5078125
1255,149089.03125
1256,193049.96875
1257,184078.25
1258,196080.765625
1259,138107.875
1260,201847.84375
1261,214023.546875
1262,272892.3125
1263,206476.890625
1264,117636.96875
1265,131701.71875
1266,250556.65625
1267,179915.546875
1268,177165.421875
1269,257010.171875
1270,196984.40625
1271,147603.59375
1272,186422.890625
1273,191886.796875
1274,221874.9375
1275,284237.5625
1276,217938.0625
1277,241647.859375
1278,173049.96875
1279,280070
1280,193890.796875
1281,130834.2890625
1282,187758.390625
1283,171320.28125
1284,161928.796875
1285,158411.203125
1286,176857.703125
1287,175922.703125
1288,172294.4375
1289,220370.453125
1290,154764.15625
1291,166177.234375
1292,185377.796875
1293,169922.59375
1294,175386.09375
1295,154389.171875
1296,173047.109375
1297,185257.703125
1298,187355.515625
1299,187118.6875
1300,130344.15625
1301,164891.328125
1302,148576.203125
1303,245312.453125
1304,146527.71875
1305,177300.921875
1306,196953.390625
1307,224008.46875
1308,214857.1875
1309,178381.84375
1310,184567.1875
1311,162005.921875
1312,156711.5625
1313,174619.03125
1314,156897.5625
1315,147105.375
1316,230398.90625
1317,190588.5625
1318,115935.5859375
1319,170343.921875
1320,121154.9296875
1321,139210.640625
1322,171234.140625
1323,195914.59375
1324,182299.59375
1325,154443.40625
1326,133257.5625
1327,101001.078125
1328,156442.203125
1329,161402.625
1330,100840.5859375
1331,173073.796875
1332,166347.9375
1333,194703.0625
1334,168707.125
1335,159202.640625
1336,158827.5
1337,202323.984375
1338,211266.03125
1339,139225.828125
1340,153298.234375
1341,242557.984375
1342,155550.203125
1343,162466.46875
1344,244843.3125
1345,138592.484375
1346,148553.578125
1347,122970.625
1348,134165.78125
1349,165363.265625
1350,142173.921875
1351,179802.15625
1352,163293.65625
1353,195983.21875
1354,137266.359375
1355,146714.1875
1356,202940.75
1357,194282.46875
1358,156684.375
1359,137189.28125
1360,138951.71875
1361,194370.375
1362,141729.296875
1363,128942.125
1364,160351.875
1365,176981.109375
1366,183432.546875
1367,194936.921875
1368,148421.921875
1369,182551.96875
1370,216017.484375
1371,173806.4375
1372,204471.9375
1373,197112.515625
1374,164351.015625
1375,168868.984375
1376,189848.828125
1377,157058.78125
1378,185993.515625
1379,183804.46875
1380,143802.4375
1381,139417.984375
1382,135772.265625
1383,210369.453125
1384,137220.828125
1385,148776.703125
1386,154341.90625
1387,163735.59375
1388,133078.953125
1389,190899.0625
1390,169928.75
1391,157571.421875
1392,154054.53125
1393,139092.640625
1394,144940.671875
1395,171304.28125
1396,152430.4375
1397,171363.9375
1398,167571
1399,135634.671875
1400,169275.375
1401,138269.625
1402,209836.875
1403,164190.9375
1404,279490.59375
1405,213426.46875
1406,140114.421875
1407,151880.84375
1408,179115.890625
1409,211929.890625
1410,131630.3125
1411,119626.671875
1412,122184.1484375
1413,212518.515625
1414,177188.078125
1415,197034.375
1416,193298.78125
1417,138616.6875
1418,122902.8828125
1419,165731.96875
1420,149690.5
1421,155378.140625
1422,185116.1875
1423,165982.75
1424,141510.796875
1425,241255.4375
1426,138118.8125
1427,239772.890625
1428,147385.34375
1429,182110.125
1430,166470.0625
1431,135549
1432,148570.59375
1433,142681.34375
1434,175789.1875
1435,167454.296875
1436,162848.53125
1437,227194.90625
1438,202680.53125
1439,209559.328125
1440,196469.953125
1441,108557.0625
1442,242239.1875
1443,122910.765625
1444,221603.125
1445,193423.09375
1446,191744.171875
1447,170079.609375
1448,178680.078125
1449,199903.5
1450,197925.3125
1451,170928.296875
1452,160828.875
1453,154822.328125
1454,104159.296875
1455,176141.375
1456,148812.265625
1457,113637.890625
1458,129237.421875
1459,160129.1875
1460,160044.296875
1461,160425.109375
1462,170066.15625
1463,143893.171875
1464,224685.359375
1465,155508.34375
1466,168904.03125
1467,145210.96875
1468,157756.015625
1469,103756.125
1470,164630.8125
1471,133906.25
1472,145637.171875
1473,204293.375
1474,129742.25
1475,163681.359375
1476,230079.78125
1477,152520.90625
1478,141604.1875
1479,142063.734375
1480,156396.046875
1481,199625.375
1482,149921.390625
1483,165163.203125
1484,136241.40625
1485,129825.0703125
1486,149550.453125
1487,144323.375
1488,206512.375
1489,149761.78125
1490,163012.046875
1491,124492.3828125
1492,169433.4375
1493,185552.953125
1494,200944.3125
1495,202053.53125
1496,159959.40625
1497,115837.1796875
1498,125512.9765625
1499,167335.453125
1500,145754.296875
1501,154758.78125
1502,137078.625
1503,207541.78125
1504,164693.109375
1505,165777.0625
1506,255657.71875
1507,153904.5
1508,199172.390625
1509,149503.625
1510,184090
1511,202166.21875
1512,205292
1513,164101.09375
1514,269281.53125
1515,130948.7265625
1516,153236.03125
1517,176877.140625
1518,131820.953125
1519,159659.90625
1520,168324.1875
1521,103723.3984375
1522,276555.03125
1523,161410.578125
1524,206961.765625
1525,140646.171875
1526,214825.796875
1527,159200.765625
1528,171767.21875
1529,155224.625
1530,196221.90625
1531,157891.53125
1532,200102.296875
1533,112526.4921875
1534,155027.546875
1535,160123.453125
1536,286098.78125
1537,166235.359375
1538,176605.59375
1539,118782.078125
1540,159440.359375
1541,128676.625
1542,185507.765625
1543,176439.25
1544,267264.84375
1545,199758.34375
1546,176030.484375
1547,191951.265625
1548,211442.4375
1549,163301.5
1550,238891.046875
1551,186176.703125
1552,130980.7421875
1553,155023.34375
1554,151182.0625
1555,154140.140625
1556,150425.3125
1557,280572.59375
1558,167906.046875
1559,353229.5
1560,188212.9375
1561,153019.421875
1562,164330.4375
1563,117477.8359375
1564,177683.375
1565,167847.0625
1566,192328
1567,174993.4375
1568,111465.828125
1569,143157.953125
1570,170406.609375
1571,215498.8125
1572,193590.75
1573,199207.296875
1574,205159.578125
1575,149778.140625
1576,174883.828125
1577,161686.65625
1578,162939.359375
1579,134527.109375
1580,167804.09375
1581,235770.015625
1582,233030.609375
1583,177463.5
1584,168244.890625
1585,163284.46875
1586,184829.546875
1587,98565.28125
1588,236122.46875
1589,205970.46875
1590,195134.5
1591,151079.640625
1592,203551.140625
1593,153953.484375
1594,187687.78125
1595,141905.53125
1596,107283.0078125
1597,123807.2109375
1598,160092.96875
1599,205746.40625
1600,153077.96875
1601,299414.40625
1602,160032.703125
1603,180766.328125
1604,130522.015625
1605,237915.296875
1606,145859.828125
1607,142328.890625
1608,160807.953125
1609,201828.421875
1610,202401.390625
1611,146257.015625
1612,246656.875
1613,126859.2265625
1614,105358.234375
1615,204176.875
1616,206899.21875
1617,170752.765625
1618,188562.515625
1619,165052.15625
1620,189393.390625
1621,175910.09375
1622,170549.390625
1623,113229.734375
1624,164165.359375
1625,173677.171875
1626,266437.15625
1627,158345.34375
1628,157687.4375
1629,146152.1875
1630,197919.578125
1631,171287.859375
1632,185307.734375
1633,150437.953125
1634,147678.4375
1635,204459.5625
1636,179018.984375
1637,268106.03125
1638,175606.65625
1639,179738.171875
1640,144074.765625
1641,160228.15625
1642,176340.328125
1643,189002.484375
1644,159762.1875
1645,143487.953125
1646,136786.921875
1647,112571.3203125
1648,243829.875
1649,144354.734375
1650,171369.90625
1651,150654
1652,183537.46875
1653,197978.328125
1654,138496.390625
1655,149014.609375
1656,233850.65625
1657,220170.390625
1658,220155.203125
1659,142965
1660,183423.828125
1661,214565.203125
1662,243204.109375
1663,145909.125
1664,137747.28125
1665,174769.09375
1666,116356.46875
1667,230650.5625
1668,128787.875
1669,164302.734375
1670,206649.640625
1671,187326.75
1672,255296.484375
1673,161145.984375
1674,176859.546875
1675,150996.828125
1676,307499.84375
1677,126351.6953125
1678,133525.09375
1679,144395.015625
1680,147771.203125
1681,126972.28125
1682,149747.03125
1683,148299.203125
1684,175629.4375
1685,125155.3046875
1686,174486.546875
1687,159118.125
1688,204722.078125
1689,259754.953125
1690,174088.734375
1691,140310.609375
1692,186145.75
1693,147114.75
1694,144666.015625
1695,172851.640625
1696,159228
1697,215077.921875
1698,146576.59375
1699,183959.46875
1700,131023.140625
1701,148449.40625
1702,199118.796875
1703,126643.015625
1704,197506.765625
1705,152773.34375
1706,252560.859375
1707,165646.484375
1708,131886.90625
1709,170120.921875
1710,176894.359375
1711,158487.921875
1712,156094.03125
1713,152448.03125
1714,214533.015625
1715,184753.890625
1716,110124.796875
1717,174681.234375
1718,129097
1719,189235.859375
1720,175388.390625
1721,215770.453125
1722,184464.140625
1723,150173.5
1724,183535.15625
1725,134574.640625
1726,159122.1875
1727,209623.96875
1728,168020.703125
1729,136923.609375
1730,271380.4375
1731,135692.90625
1732,129207.53125
1733,258049
1734,257787.078125
1735,182923.453125
1736,233909.625
1737,204682.734375
1738,207438.390625
1739,125735.2734375
1740,205162.453125
1741,191792.421875
1742,126827.9296875
1743,153515.46875
1744,190685.4375
1745,151531.328125
1746,169464
1747,120775.1953125
1748,145195.546875
1749,159068.515625
1750,163366.3125
1751,129808.140625
1752,187802.609375
1753,149776.328125
1754,205469.09375
1755,147290.265625
1756,196417.890625
1757,155893.953125
1758,236420.25
1759,226185.203125
1760,265938.53125
1761,138354.96875
1762,153322.53125
1763,165754.3125
1764,128621.5859375
1765,173189.015625
1766,291561.25
1767,228288.015625
1768,156139.796875
1769,132884.96875
1770,159529.765625
1771,172057.09375
1772,147673.71875
1773,188195.828125
1774,160128.9375
1775,211474.1875
1776,160520.265625
1777,156436.015625
1778,165346.390625
1779,196645.046875
1780,148784.734375
1781,144322.75
1782,159593.5625
1783,165563.265625
1784,204070.265625
1785,200654.125
1786,178978.109375
1787,171766.59375
1788,180465.03125
1789,151189.09375
1790,220843.46875
1791,104568.3046875
1792,138467.796875
1793,166801.25
1794,218218.09375
1795,186880.234375
1796,237499
1797,210589.765625
1798,230709.078125
1799,188914.9375
1800,179526.75
1801,140309.609375
1802,255262.828125
1803,138025.203125
1804,242424.9375
1805,143937.6875
1806,199558.484375
1807,215368.28125
1808,140012.421875
1809,202329
1810,135152.125
1811,173009.09375
1812,153439.03125
1813,145638.171875
1814,122239.2734375
1815,178146.875
1816,160914.5
1817,157119.1875
1818,176899.6875
1819,123192.109375
1820,152349.78125
1821,149769.015625
1822,165914.734375
1823,171057.9375
1824,154546.546875
1825,154162.03125
1826,217742.4375
1827,151357.09375
1828,204454.484375
1829,128988.75
1830,210936.328125
1831,132024.46875
1832,170482.65625
1833,147050.625
1834,178836.625
1835,120811.6953125
1836,144209.4375
1837,155210.203125
1838,181737.828125
1839,127810.390625
1840,211331.5625
1841,219700.390625
1842,160624.734375
1843,128587.0078125
1844,168302.265625
1845,139621.234375
1846,222590.78125
1847,176684.109375
1848,201593.1875
1849,155556.375
1850,184192.765625
1851,161302.203125
1852,194612.59375
1853,161917.921875
1854,210396.375
1855,255637.578125
1856,202568.359375
1857,119962.4765625
1858,208801.421875
1859,184152.21875
1860,188658.015625
1861,232868.78125
1862,123268.625
1863,212204.15625
1864,139343.9375
1865,112936.5390625
1866,184787.90625
1867,133202.6875
1868,139965.21875
1869,248986.9375
1870,181134.46875
1871,148652.796875
1872,160050.546875
1873,184532.875
1874,139719.34375
1875,138206.25
1876,145564.765625
1877,149827.375
1878,155967.921875
1879,197105.578125
1880,246001.8125
1881,181660.5
1882,132394.578125
1883,186354.421875
1884,266297.15625
1885,142838.4375
1886,167258.28125
1887,193613.84375
1888,219826.71875
1889,181178.3125
1890,169145.8125
1891,107407.390625
1892,125218.5390625
1893,179401.40625
1894,113459.5234375
1895,187796.578125
1896,174361.796875
1897,148369.109375
1898,171418.1875
1899,150788.65625
1900,118438.4921875
1901,143323.359375
1902,196722.828125
1903,176441.1875
1904,162849.828125
1905,174597.34375
1906,200678.609375
1907,162983.5
1908,180663.625
1909,183685.4375
1910,281291.96875
1911,227290.078125
1912,110039.1484375
1913,138771.390625
1914,193886.078125
1915,147337.90625
1916,245477.4375
1917,126212.2734375
1918,121619.328125
1919,165599.734375
1920,163474.765625
1921,180415.15625
1922,154560.703125
1923,157471.5625
1924,195423.75
1925,187250.671875
1926,126243.453125
1927,193426.296875
1928,180935.796875
1929,216681.703125
1930,240226.90625
1931,190204.8125
1932,168541.421875
1933,157468.453125
1934,175666.078125
1935,155581.21875
1936,195248.265625
1937,191666.15625
1938,140507.640625
1939,103854.890625
1940,206426.546875
1941,153153.375
1942,171160.359375
1943,175590.9375
1944,159827.75
1945,150811.671875
1946,168374.359375
1947,216108.484375
1948,144560.140625
1949,259027.46875
1950,195486.078125
1951,285983.875
1952,124337.9921875
1953,236719
1954,235124.671875
1955,138049.96875
1956,169981.578125
1957,123625.3515625
1958,190194.875
1959,176596.984375
1960,175471.21875
1961,207031.0625
1962,187910.90625
1963,212800.234375
1964,175986.109375
1965,149785.34375
1966,141431.765625
1967,191559.1875
1968,130865.765625
1969,186189.03125
1970,198929.78125
1971,143986.78125
1972,179283.015625
1973,138625.484375
1974,149360.171875
1975,290043.90625
1976,204223.765625
1977,90863.625
1978,196674.765625
1979,143191.703125
1980,192362.953125
1981,291762.90625
1982,93049.953125
1983,115616.703125
1984,124021.3984375
1985,197128.484375
1986,177329.96875
1987,198460.015625
1988,199805.125
1989,157954.171875
1990,221757.984375
1991,173519.984375
1992,111549.4921875
1993,215335.015625
1994,205304.046875
1995,148615.578125
1996,174577.96875
1997,182060.421875
1998,155143.3125
1999,278102.15625
2000,193061.65625
2001,168625.640625
2002,111505.6015625
2003,101175.9609375
2004,161531.8125
2005,148301.390625
2006,148931.46875
2007,207036.09375
2008,129141.0390625
2009,174299.046875
2010,166598.890625
2011,153957.765625
2012,171523.359375
2013,187171.75
2014,271740.28125
2015,196339.21875
2016,114519.640625
2017,176605.203125
2018,199621.71875
2019,112574.2421875
2020,169358.578125
2021,135484.03125
2022,182590.71875
2023,167849.515625
2024,221143.265625
2025,204086.078125
2026,196702.46875
2027,147644.125
2028,169062.0625
2029,148088.1875
2030,155579.265625
2031,190138.296875
2032,288046.3125
2033,149735.359375
2034,162433.203125
2035,234263.046875
2036,143205.765625
2037,207552.71875
2038,179896.171875
2039,259377.109375
2040,228048
2041,201724.421875
2042,185782.171875
2043,161198.25
2044,134441.359375
2045,277017.21875
2046,171995.171875
2047,161235.890625
2048,208187.3125
2049,243534.671875
2050,238882.015625
2051,169921.734375
2052,156404.90625
2053,119257.8359375
2054,151765.234375
2055,229415.15625
2056,172654.9375
2057,136399.390625
2058,235560.734375
2059,215942.265625
2060,174679.390625
2061,180797.421875
2062,151724.296875
2063,171952.21875
2064,168494.546875
2065,160424.34375
2066,242676.390625
2067,137053.484375
2068,190571.25
2069,182621.234375
2070,124165.125
2071,149968.6875
2072,132256.40625
2073,225368.203125
2074,169201.359375
2075,124501.0390625
2076,175373.71875
2077,130517.6484375
2078,150456.09375
2079,177685.484375
2080,202599.15625
2081,140050.609375
2082,151677.25
2083,188022.125
2084,186889.65625
2085,165757.65625
2086,163530.078125
2087,103600.6796875
2088,193716.09375
2089,130927.25
2090,266441.65625
2091,180040.265625
2092,168089.453125
2093,203820.8125
2094,158402.375
2095,194176.5
2096,145767.4375
2097,272349.9375
2098,143331.875
2099,189298.40625
2100,155000.53125
2101,127944.671875
2102,248879.5
2103,145087.953125
2104,257912.84375
2105,167167.75
2106,204521.203125
2107,146038.40625
2108,154615.6875
2109,148934.875
2110,208471.90625
2111,206911.765625
2112,126007.734375
2113,164712.890625
2114,220161.203125
2115,199705.203125
2116,168315.390625
2117,179474.1875
2118,145415.65625
2119,161628.453125
2120,176054.609375
2121,152401.9375
2122,186251.046875
2123,182398.359375
2124,168078.75
2125,132471.875
2126,170324.796875
2127,153061.5
2128,206527.0625
2129,222621.671875
2130,134936.125
2131,163678.3125
2132,144481.296875
2133,206666.40625
2134,172340.328125
2135,165187.234375
2136,160441.640625
2137,135524.390625
2138,203433.625
2139,179110.734375
2140,149246.328125
2141,196857.046875
2142,122044.1171875
2143,93469.1953125
2144,171000.078125
2145,151319.6875
2146,137003.140625
2147,159694.828125
2148,199041.625
2149,196309.0625
2150,162631.46875
2151,185647.328125
2152,151366.90625
2153,181471.765625
2154,153091.484375
2155,213312.75
2156,189429.46875
2157,221781.40625
2158,188208.1875
2159,118439.109375
2160,158530
2161,201558.25
2162,188926.9375
2163,185110.828125
2164,166529.578125
2165,183546.96875
2166,267312.375
2167,131965.265625
2168,143561.75
2169,117702.671875
2170,145304.421875
2171,137935.40625
2172,176068.03125
2173,139572.65625
2174,197577.5625
2175,215458.609375
2176,129442.234375
2177,183122.609375
2178,154384.109375
2179,181238.046875
2180,202933.015625
2181,277991.5625
2182,206012.3125
2183,184601.640625
2184,218038.890625
2185,146277.40625
2186,182796.65625
2187,129521.0390625
2188,144478.40625
2189,155704.234375
2190,198245.625
2191,144316.78125
2192,167113.03125
2193,156097.53125
2194,167528.796875
2195,178478.109375
2196,213184.671875
2197,173324.34375
2198,146978.359375
2199,172290.671875
2200,144379.59375
2201,171354.75
2202,109234.765625
2203,203458.6875
2204,142719.375
2205,139622.4375
2206,116386.5703125
2207,242398.75
2208,156795.0625
2209,132871.71875
2210,265505.625
2211,180297.53125
2212,170462.9375
2213,222783.078125
2214,212676.875
2215,161289.234375
2216,130122.7578125
2217,125460.828125
2218,159032.46875
2219,126705.7578125
2220,171799.546875
2221,145278.203125
2222,193190.03125
2223,236957.65625
2224,146672.84375
2225,280248.0625
2226,193275.515625
2227,138512.90625
2228,225732.953125
2229,109456.7890625
2230,171319.390625
2231,244422.203125
2232,151543.796875
2233,187485.828125
2234,218071.703125
2235,121653.109375
2236,155004.9375
2237,141714.125
2238,115914.7265625
2239,131586.75
2240,185075.90625
2241,192573.046875
2242,167979.03125
2243,163309.234375
2244,192581.65625
2245,215404.21875
2246,147583.921875
2247,189377.390625
2248,127621.2265625
2249,144481.90625
2250,155874.40625
2251,167083.328125
2252,181454.75
2253,153853.5625
2254,158482.671875
2255,136211.6875
2256,197165.859375
2257,146558.796875
2258,206339.640625
2259,173246.328125
2260,127737.0703125
2261,179638.328125
2262,151826.703125
2263,182865.484375
2264,182906.59375
2265,232770.421875
2266,176414.90625
2267,185118.203125
2268,275960.84375
2269,214734.015625
2270,131791.734375
2271,237913.6875
2272,178254.1875
2273,160354.25
2274,163236.5625
2275,166165.515625
2276,133867.734375
2277,150690.6875
2278,174542.640625
2279,107889.5546875
2280,113935.734375
2281,168466.78125
2282,109160.7421875
2283,192836.4375
2284,145598.21875
2285,229018.703125
2286,201863.734375
2287,140657.671875
2288,187662.015625
2289,212611.890625
2290,219970.03125
2291,111346.1015625
2292,167833.984375
2293,167635.765625
2294,134145.59375
2295,152197.078125
2296,169880.6875
2297,202998.53125
2298,190198.53125
2299,137450.09375
2300,157250.078125
2301,161043.625
2302,220742.421875
2303,143210.546875
2304,145614.5
2305,207699.25
2306,159874.53125
2307,148133.890625
2308,154062.375
2309,213240.125
2310,121605.5
2311,208735.734375
2312,243790.375
2313,144381.84375
2314,173734.578125
2315,129882.90625
2316,173516.65625
2317,149217.171875
2318,207025.390625
2319,167937.453125
2320,259433.421875
2321,174568.53125
2322,117513.078125
2323,140327.265625
2324,201405.90625
2325,176617.375
2326,206602.375
2327,182138.515625
2328,165703.671875
2329,158323.796875
2330,184964.671875
2331,199666.4375
2332,189473.46875
2333,274431.4375
2334,172880.1875
2335,245472.171875
2336,126528.59375
2337,193456.625
2338,113064.9375
2339,159944.484375
2340,153492.4375
2341,172363.28125
2342,178468.859375
2343,198695.671875
2344,152099.8125
2345,152060.46875
2346,238526.296875
2347,112872.3125
2348,157519.8125
2349,155860.921875
2350,200770.484375
2351,130569.4921875
2352,120939.359375
2353,176621
2354,133763.796875
2355,171192.4375
2356,194514.140625
2357,203792.390625
2358,200634.84375
2359,148481.296875
2360,180523.234375
2361,160940.65625
2362,98983.6171875
2363,206539.484375
2364,239627.765625
2365,135463.90625
2366,226185.03125
2367,134990.734375
2368,184070.046875
2369,167219.46875
2370,221672.5
2371,146781.34375
2372,297246.375
2373,227084.171875
2374,164057.234375
2375,137481.90625
2376,166373.421875
2377,139498
2378,163366.921875
2379,244283.125
2380,205264.34375
2381,201497.15625
2382,185790.609375
2383,215139.890625
2384,277886.5
2385,148256.359375
2386,178928.75
2387,164897.6875
2388,156541.171875
2389,218971.3125
2390,156012.453125
2391,156841.765625
2392,151875.15625
2393,135361.3125
2394,182628.15625
2395,117625.8125
2396,236986.09375
2397,248680.28125
2398,205286.53125
2399,113870.0703125
2400,168034.75
2401,143991.5625
2402,99407.03125
2403,193756.1875
2404,149001.8125
2405,168642.390625
2406,147858.84375
2407,255053.15625
2408,209685.484375
2409,149969.28125
2410,202782
2411,187648.734375
2412,136358.703125
2413,302800.875
2414,178715.71875
2415,171690.546875
2416,226202.203125
2417,188545.0625
2418,167516.890625
2419,176563.90625
2420,171321.703125
2421,248857.234375
2422,166698.28125
2423,207972.46875
2424,187328.03125
2425,200709.234375
2426,235773.015625
2427,179013.90625
2428,204387.765625
2429,172809.234375
2430,153746.1875
2431,178447.84375
2432,164766.5625
2433,203959.515625
2434,214777.296875
2435,178796.890625
2436,254605.21875
2437,158198.90625
2438,184724.53125
2439,183986.6875
2440,151543.078125
2441,191061.21875
2442,142484.53125
2443,160109.078125
2444,192093.15625
2445,169815.953125
2446,152703.359375
2447,129022.90625
2448,179116.703125
2449,128665.4921875
2450,217187.65625
2451,192283.140625
2452,155920.359375
2453,162065.40625
2454,175535.421875
2455,178147.671875
2456,165253.90625
2457,131122.8125
2458,186140.171875
2459,166307.734375
2460,124024.71875
2461,162931.859375
2462,191764.4375
2463,137414.5625
2464,188233.921875
2465,143948.796875
2466,182245.375
2467,158088.0625
2468,193223.609375
2469,225017.96875
2470,158559.96875
2471,187859.765625
2472,183569.40625
2473,248816.234375
2474,206496.109375
2475,152086.671875
2476,161254.359375
2477,202572.234375
2478,148044.65625
2479,142414.015625
2480,246106.03125
2481,234256.765625
2482,173356.984375
2483,135994.484375
2484,146721.375
2485,120241.4140625
2486,137459.953125
2487,140288.65625
2488,204884.4375
2489,171414.953125
2490,274057.78125
2491,242463.390625
2492,174210.828125
2493,143097.015625
2494,168716.875
2495,169338.953125
2496,153708.515625
2497,148087.765625
2498,209900.453125
2499,231878.171875
2500,206884.546875
2501,249732.15625
2502,193801.015625
2503,265533.3125
2504,158950.984375
2505,170073.046875
2506,164233.265625
2507,171090.34375
2508,160551.4375
2509,219369.890625
2510,244846.9375
2511,186705.515625
2512,134297.5
2513,147145.359375
2514,139080.46875
2515,213669.71875
2516,224848
2517,131935.5625
2518,202164.296875
2519,123368.2734375
2520,135434.671875
2521,201255.953125
2522,234638.15625
2523,178222.171875
2524,157276.015625
2525,200078.40625
2526,122475.015625
2527,196662.828125
2528,210931.65625
2529,133347.765625
2530,184860.734375
2531,158087.078125
2532,165982.1875
2533,169654.390625
2534,138806.109375
2535,119942.6875
2536,185705.25
2537,175667.4375
2538,128262.3203125
2539,133823.734375
2540,202754.3125
2541,123536.078125
2542,230095.078125
2543,149514.828125
2544,178067.953125
2545,262022.109375
2546,152489.296875
2547,180168
2548,143379.78125
2549,164536.328125
2550,144134.6875
2551,128169.328125
2552,152980.859375
2553,167241.75
2554,131024.15625
2555,166984.015625
2556,130261.8984375
2557,163809.921875
2558,125237.84375
2559,130319.75
2560,149073.578125
2561,203972.1875
2562,232943.171875
2563,125921.5234375
2564,232949
2565,158515.59375
2566,132199.578125
2567,116240.6640625
2568,164820.828125
2569,187339.859375
2570,139889.28125
2571,118514.8828125
2572,166751.328125
2573,156006.5
2574,160800.25
2575,201896.890625
2576,152114.171875
2577,127537.890625
2578,134848.734375
2579,248972.546875
2580,192479.53125
2581,126357.203125
2582,145781.0625
2583,142463.578125
2584,123533.3046875
2585,192749.765625
2586,121528.03125
2587,202580.40625
2588,200056.140625
2589,173091.84375
2590,123405.7578125
2591,189722.578125
2592,178428.6875
2593,171880.078125
2594,140389.453125
2595,232060.21875
2596,276051.625
2597,155266.578125
2598,151665.796875
2599,137412.71875
2600,158014.5625
2601,164263.296875
2602,132183.40625
2603,250337.921875
2604,176095.109375
2605,135369.1875
2606,138299.625
2607,132962.59375
2608,142687.21875
2609,193721.78125
2610,212443.046875
2611,149085.46875
2612,173566.796875
2613,146234.609375
2614,188457.5
2615,171035.015625
2616,218845.1875
2617,171794.40625
2618,147373.109375
2619,176741.09375
2620,147361.578125
2621,153650.921875
2622,174765.640625
2623,166014.65625
2624,171284.125
2625,198487.90625
2626,147018.5625
2627,139533.875
2628,146359.75
2629,251576.796875
2630,126595.2265625
2631,199996.03125
2632,176531.578125
2633,142534.203125
2634,126583.4296875
2635,172572.4375
2636,169123.609375
2637,111211.1015625
2638,196685.921875
2639,105653.2734375
2640,197613.359375
2641,205742.234375
2642,182384.25
2643,174945.90625
2644,206268.109375
2645,163748.5
2646,204410.234375
2647,208963.1875
2648,149863.71875
2649,168354.484375
2650,179591.484375
2651,195536.984375
2652,146555.453125
2653,121155.9140625
2654,141363.40625
2655,133071.5625
2656,125258.296875
2657,161362.046875
2658,227678.59375
2659,214030.515625
2660,122991.203125
2661,128344.03125
2662,197838.953125
2663,149260.25
2664,159597.1875
2665,146554.796875
2666,183889.171875
2667,200854.296875
2668,198086.34375
2669,97550.7421875
2670,177260.40625
2671,131946.046875
2672,182234.484375
2673,148925.671875
2674,171643.828125
2675,153468.09375
2676,224324.484375
2677,157660.296875
2678,123111.96875
2679,217688.5
2680,169848.734375
2681,171888.375
2682,115656.0859375
2683,189828.890625
2684,206275.234375
2685,275576.03125
2686,196026.453125
2687,161061.953125
2688,172559.375
2689,147954.09375
2690,166935.921875
2691,308416.9375
2692,162755.25
2693,140379.75
2694,243672.96875
2695,119797.1953125
2696,143874.625
2697,199037.921875
2698,136891.984375
2699,130491.5078125
2700,161338.109375
2701,154901.9375
2702,164422.484375
2703,168527.65625
2704,205058.265625
2705,131809.140625
2706,156458.875
2707,149500.40625
2708,206409.609375
2709,188688.84375
2710,278940.375
2711,171605.3125
2712,178537.203125
2713,191538.4375
2714,174782.796875
2715,153733.21875
2716,160743.90625
2717,185602.828125
2718,174775.4375
2719,119571.2890625
2720,166644.765625
2721,173616.484375
2722,189885.015625
2723,173691.265625
2724,167142.984375
2725,172288.859375
2726,138085.4375
2727,123552.3125
2728,216907.46875
2729,130116.984375
2730,218439.3125
2731,150662.671875
2732,177618.640625
2733,194515.21875
2734,171587.390625
2735,138539.65625
2736,175762.265625
2737,163090.375
2738,186746.609375
2739,168595.71875
2740,123248.8203125
2741,194377.046875
2742,195015.875
2743,160590.1875
2744,199967.796875
2745,200233.09375
2746,218977.609375
2747,135016.890625
2748,126020.59375
2749,246968.828125
2750,246789.359375
2751,165858.171875
2752,164258.671875
2753,204560.625
2754,167845.875
2755,295863.96875
2756,154265.21875
2757,200244.375
2758,256586.65625
2759,102892.3046875
2760,136498.640625
2761,129263.7578125
2762,203871.75
2763,200851.15625
2764,116289
2765,169695.21875
2766,158290.875
2767,186594.546875
2768,165320.46875
2769,179957.484375
2770,138834.984375
2771,197212.5
2772,183999.71875
2773,139617.1875
2774,179309.890625
2775,153109.296875
2776,154617.90625
2777,183949.4375
2778,166211.703125
2779,179180.203125
2780,152524.328125
2781,131009.5234375
2782,187766.421875
2783,203356.703125
2784,190653.328125
2785,238605.03125
2786,163298.578125
2787,164881.796875
2788,165385.96875
2789,179086.671875
2790,191529.796875
2791,153510.84375
2792,132899.453125
2793,166206.953125
2794,201952.640625
2795,179162.703125
2796,173589.125
2797,149118.25
2798,125339.3359375
2799,238335.859375
2800,155718.828125
2801,162319.1875
2802,164676.375
2803,180480.765625
2804,150753.25
2805,204968.640625
2806,164410.890625
2807,176492.09375
2808,193140.609375
2809,207664.015625
2810,285903.40625
2811,159318.53125
2812,152448.234375
2813,198340.140625
2814,126526.234375
2815,136370.1875
2816,223836.140625
2817,129965.015625
2818,172581.78125
2819,179425.71875
2820,152680.0625
2821,173217.703125
2822,273326.875
2823,171705.765625
2824,194717.875
2825,201042.5
2826,240212.390625
2827,181918.546875
2828,138724.234375
2829,307076.71875
2830,278968.03125
2831,170639.390625
2832,202066.78125
2833,197827.90625
2834,189100.453125
2835,162343.21875
2836,186078.828125
2837,140776.359375
2838,176491.015625
2839,163014.71875
2840,249549.953125
2841,182040.90625
2842,201702.515625
2843,172793.046875
2844,137571.25
2845,179611.34375
2846,221042.140625
2847,150891.15625
2848,195170.09375
2849,150784.5625
2850,159310.765625
2851,190457.0625
2852,246647.96875
2853,197759.21875
2854,270914.5625
2855,195325.03125
2856,202073.046875
2857,139126.1875
2858,156237.125
2859,173820.640625
2860,139883.71875
2861,161457.71875
2862,176618.609375
2863,157502.90625
2864,166451.46875
2865,160565.578125
2866,127343.9453125
2867,161627.671875
2868,195153.46875
2869,170406.9375
2870,180155.03125
2871,135610.265625
2872,154135
2873,134757.9375
2874,168057.1875
2875,171399.3125
2876,218440.046875
2877,175945.609375
2878,177506.28125
2879,160932.140625
2880,157008.515625
2881,165852.15625
2882,168704.3125
2883,174667.53125
2884,156667.796875
2885,116463.3671875
2886,219294.84375
2887,176126.71875
2888,201983.703125
2889,231059.015625
2890,139646.203125
2891,140416.640625
2892,127283.328125
2893,137229.125
2894,186690.765625
2895,116134.8984375
2896,102763.0625
2897,160713.828125
2898,175837.703125
2899,151661.828125
2900,152452.96875
2901,109495.4140625
2902,253663.78125
2903,102046
2904,159046.859375
2905,160648.140625
2906,254695
2907,147122.375
2908,159234.140625
2909,191017.609375
2910,277111.65625
2911,150763.265625
2912,110632.2265625
2913,171375.796875
2914,247032.796875
2915,179403.03125
2916,128410.78125
2917,139425.46875
2918,233808.078125
2919,201441.140625
2920,181098.421875
2921,132604.828125
2922,171098.40625
2923,134934.25
2924,107727.90625
2925,216137.078125
2926,153256.21875
2927,129435.1953125
2928,172935.875
2929,184648
2930,129371.9140625
2931,130990.71875
2932,147511.625
2933,259720.015625
2934,180919.59375
2935,181753.09375
2936,167389.5
2937,116136.0078125
2938,220307.6875
2939,315184.8125
2940,206815.9375
2941,154257.109375
2942,218637.5
2943,241235.0625
2944,227932.015625
2945,254862.96875
2946,244930.546875
2947,155985.078125
2948,150602.234375
2949,181157.8125
2950,193352.78125
2951,115640.1015625
2952,152453.90625
2953,176336.21875
2954,134970.21875
2955,174372.671875
2956,134358.78125
2957,213615.984375
2958,165160.375
2959,243044.640625
2960,164024.671875
2961,182462.0625
2962,168952.984375
2963,185615.84375
2964,138626.703125
2965,183506.90625
2966,136070.546875
2967,143067.34375
2968,178533.40625
2969,164114.796875
2970,176094.328125
2971,175479.4375
2972,265446.34375
2973,154193.65625
2974,251413.8125
2975,116049.2890625
2976,166908.71875
2977,136072.578125
2978,147063.734375
2979,134751.40625
2980,162309.359375
2981,204927.25
2982,128272.1171875
2983,189189
2984,299512.4375
2985,159204.796875
2986,163571.578125
2987,160170.640625
2988,157004.234375
2989,194634.953125
2990,281352.03125
2991,141419.015625
2992,195892.359375
2993,130113.765625
2994,134058.609375
2995,285211.6875
2996,167952.671875
2997,154071.296875
2998,229664.21875
2999,177340.03125
3000,154610.4375
3001,202282.828125
3002,144842.609375
3003,155095.796875
3004,308495.65625
3005,179167.890625
3006,141682.734375
3007,142602.71875
3008,186414.03125
3009,191183.5625
3010,130779.34375
3011,132465.4375
3012,195453.15625
3013,213436.6875
3014,133051.703125
3015,133240.59375
3016,153620.15625
3017,238886.671875
3018,169347.546875
3019,233425.59375
3020,174945.328125
3021,107323.4921875
3022,111724.4609375
3023,128915.640625
3024,117259.984375
3025,154126.984375
3026,173251.078125
3027,178007.171875
3028,154743.96875
3029,158220.015625
3030,164664.6875
3031,167169.328125
3032,149149.203125
3033,148029.59375
3034,245387.5625
3035,176495.265625
3036,162692.8125
3037,186140.9375
3038,176939.40625
3039,174856.703125
3040,160125.1875
3041,177405.859375
3042,185395.796875
3043,165920
3044,148624.90625
3045,192358.40625
3046,193471.75
3047,170357.34375
3048,205296.75
3049,203274.484375
3050,189447.03125
3051,185950.234375
3052,194503.15625
3053,130398.703125
3054,134949.40625
3055,152403.796875
3056,108676.8984375
3057,204734.515625
3058,177197.46875
3059,160497.46875
3060,161291.84375
3061,268140.53125
3062,152585.28125
3063,154610.375
3064,202964.546875
3065,132352.859375
3066,165672.515625
3067,182091.875
3068,190132.5
3069,135973.171875
3070,169451.34375
3071,168140.640625
3072,137202.34375
3073,160220.46875
3074,197329.390625
3075,223916.328125
3076,287919.625
3077,193718.65625
3078,209378.90625
3079,139954.625
3080,177985.15625
3081,209138.390625
3082,162694.46875
3083,135966.28125
3084,195015.515625
3085,186820.53125
3086,148459.96875
3087,181958
3088,120453.7578125
3089,202085.484375
3090,185450.6875
3091,156115.65625
3092,159540.9375
3093,140431.609375
3094,166126.46875
3095,119553.0546875
3096,207039.609375
3097,188057.90625
3098,180930.53125
3099,139807.328125
3100,139883.09375
3101,142427.984375
3102,141745.6875
3103,152685.453125
3104,136356.34375
3105,168083.96875
3106,166061.1875
3107,134980.375
3108,190857.03125
3109,123732.5390625
3110,151568.53125
3111,260825.421875
3112,218202.421875
3113,188482.453125
3114,144068.546875
3115,155192.4375
3116,214464.0625
3117,205769.234375
3118,178185.734375
3119,165304.890625
3120,196994.65625
3121,154087.390625
3122,117809.171875
3123,179550.8125
3124,180451.5625
3125,165675.5625
3126,242871.84375
3127,183588.03125
3128,181077.65625
3129,264895.28125
3130,148339.65625
3131,146694.296875
3132,276752.1875
3133,131886.71875
3134,213300.015625
3135,214086.3125
3136,170855.984375
3137,173590.6875
3138,159992.0625
3139,164739.265625
3140,234003.8125
3141,134242.046875
3142,169912.984375
3143,170175.578125
3144,164069.234375
3145,150349.28125
3146,182292.4375
3147,162504.125
3148,147589.046875
3149,164037.875
3150,199682.140625
3151,162987.53125
3152,227961.359375
3153,173922.359375
3154,237997.859375
3155,141182.75
3156,175596.359375
3157,163341.09375
3158,153853.640625
3159,143927.875
3160,186187.40625
3161,143508.03125
3162,140177.734375
3163,179399.953125
3164,113326.4921875
3165,147512.109375
3166,173278.671875
3167,163066.96875
3168,191015.515625
3169,144244.9375
3170,191400.21875
3171,151426.03125
3172,169616.328125
3173,171553.4375
3174,144671.5625
3175,214588.859375
3176,197793.828125
3177,169063.53125
3178,126980.8984375
3179,179082.734375
3180,183206.96875
3181,137041.921875
3182,181414.75
3183,176797.65625
3184,176809.5625
3185,187096.328125
3186,156509.046875
3187,184304.984375
3188,152338.859375
3189,176354.046875
3190,140495.375
3191,188396.34375
3192,187791.9375
3193,166505.03125
3194,161466.484375
3195,117959.328125
3196,225562.3125
3197,200169.21875
3198,160414.890625
3199,188792.109375
3200,188745.390625
3201,115378.9296875
3202,193872.234375
3203,212730.890625
3204,191129.828125
3205,194617.234375
3206,203295.828125
3207,263854.96875
3208,161047.796875
3209,176180.90625
3210,146711.34375
3211,334312.15625
3212,222350.125
3213,160634.796875
3214,115260.15625
3215,179754.21875
3216,191644.359375
3217,184063.328125
3218,205601.140625
3219,280213.59375
3220,153280.859375
3221,133406.203125
3222,189886.5
3223,192247.234375
3224,180290.078125
3225,213632.796875
3226,149385.390625
3227,156786.09375
3228,122474.6328125
3229,227278.828125
3230,183802.484375
3231,226609.3125
3232,163850.046875
3233,158490.359375
3234,213467.265625
3235,140875.703125
3236,182083.03125
3237,163126.640625
3238,178124.078125
3239,165826.265625
3240,142824.609375
3241,170543.6875
3242,159230.46875
3243,161713.109375
3244,232289.203125
3245,107065.6796875
3246,139590.875
3247,139512.75
3248,224594.71875
3249,234847.1875
3250,127067.296875
3251,148524.6875
3252,170008.265625
3253,141890.125
3254,276610.1875
3255,131045.5859375
3256,217809.453125
3257,245302.0625
3258,199469.296875
3259,117812.7578125
3260,163097.203125
3261,140652.25
3262,157707.25
3263,160551.96875
3264,138391.21875
3265,160680.265625
3266,163248.921875
3267,158643.453125
3268,165564.421875
3269,169343.90625
3270,121768.59375
3271,144308.640625
3272,187398.875
3273,116085.625
3274,136452.8125
3275,207503.546875
3276,161585.046875
3277,153006.71875
3278,204581.609375
3279,160644
3280,164181.0625
3281,170859.625
3282,255747.21875
3283,161441.046875
3284,153560.21875
3285,138817.234375
3286,157386
3287,147525.234375
3288,156458.546875
3289,156299.640625
3290,185656.15625
3291,123023.3984375
3292,142666.171875
3293,217945.015625
3294,209929.625
3295,174037.53125
3296,210592.90625
3297,179537.96875
3298,218278.078125
3299,188256.515625
3300,216688.203125
3301,166103.921875
3302,152895.625
3303,164191.328125
3304,190403.34375
3305,228140.65625
3306,253997.71875
3307,195420.953125
3308,116201.296875
3309,289676.625
3310,100237.96875
3311,143851.40625
3312,158010.40625
3313,143511.9375
3314,167071.796875
3315,136052.515625
3316,136584.875
3317,176783.140625
3318,153404.796875
3319,216167.09375
3320,133602.296875
3321,139555.734375
3322,150743.453125
3323,207364.28125
3324,156287.515625
3325,137437.03125
3326,179830.109375
3327,160742.46875
3328,190445.5
3329,213369.578125
3330,226343.953125
3331,205754.390625
3332,144151.25
3333,141788.859375
3334,230909.46875
3335,168369.09375
3336,305530.96875
3337,132344.53125
3338,237668.8125
3339,130949.015625
3340,165372.578125
3341,185726.15625
3342,203529.03125
3343,159795.875
3344,172545.84375
3345,224577.0625
3346,213561.796875
3347,195873.90625
3348,133990.015625
3349,110268.515625
3350,156894.015625
3351,146139.578125
3352,168426.734375
3353,135754.3125
3354,102836.328125
3355,157116.5625
3356,152164.28125
3357,145984.703125
3358,161927.765625
3359,107509.453125
3360,265107.34375
3361,229949.59375
3362,161628.984375
3363,156345.9375
3364,147975.78125
3365,142431.140625
3366,215325.59375
3367,133023.515625
3368,252778.375
3369,162911.140625
3370,140376.140625
3371,208655.328125
3372,256808.84375
3373,122521.6015625
3374,154429.890625
3375,163929.453125
3376,217628.703125
3377,202379.25
3378,133519.546875
3379,244974.609375
3380,153002.765625
3381,172154.59375
3382,124702.1328125
3383,170028.96875
3384,195367.359375
3385,195828.3125
3386,175670.171875
3387,191787.59375
3388,133663.453125
3389,190631.5625
3390,136745.0625
3391,150900.203125
3392,253046.90625
3393,126796.921875
3394,164327.421875
3395,212976.078125
3396,158594.328125
3397,121907.4140625
3398,179673.171875
3399,221636.828125
3400,152077.71875
3401,167551.15625
3402,156294.515625
3403,112136.2265625
3404,172923.09375
3405,222359.03125
3406,129467.5546875
3407,181840.34375
3408,182140.5
3409,102196.7421875
3410,112635.5703125
3411,195190.078125
3412,139573.796875
3413,200106.125
3414,206927.78125
3415,158108.71875
3416,130237.234375
3417,183530.234375
3418,241838.78125
3419,117052.0234375
3420,168534.1875
3421,141322.546875
3422,143512.09375
3423,161345.578125
3424,179924
3425,192633.578125
3426,185166.03125
3427,170336.34375
3428,173671.828125
3429,178429.859375
3430,116949.9609375
3431,192511.984375
3432,179460.71875
3433,173962.390625
3434,192099.8125
3435,227648.796875
3436,181394.953125
3437,180714.3125
3438,175848.734375
3439,190150.578125
3440,204792.1875
3441,152019.828125
3442,148191.453125
3443,196902.65625
3444,171981.015625
3445,228871.90625
3446,178946.609375
3447,127588.078125
3448,162769.28125
3449,152119.46875
3450,119940.46875
3451,183547.671875
3452,199242.609375
3453,143945.578125
3454,173241.75
3455,176286.40625
3456,137620.75
3457,151781.421875
3458,159838.1875
3459,203638.359375
3460,110564.1953125
3461,175147.59375
3462,156819.96875
3463,188945.234375
3464,215708.59375
3465,278083.0625
3466,172214.140625
3467,129095.46875
3468,226550.359375
3469,194904.015625
3470,185789.375
3471,195602.609375
3472,194123.3125
3473,196243.03125
3474,198006.65625
3475,204290.328125
3476,159885.5625
3477,173648.5625
3478,205423.09375
3479,138995.125
3480,205607.75
3481,133076.84375
3482,187290.6875
3483,184471.671875
3484,167866.40625
3485,200621.359375
3486,105766.3984375
3487,228218.859375
3488,126842.40625
3489,169351.828125
3490,155323.953125
3491,159307.09375
3492,177648.625
3493,159831.484375
3494,181052.84375
3495,182279.3125
3496,197378.1875
3497,173987.828125
3498,150189.859375
3499,242398.359375
3500,208935.40625
3501,282604.625
3502,167810.265625
3503,142855.953125
3504,179598.65625
3505,172494.34375
3506,165556
3507,184363.125
3508,171321.90625
3509,185714.09375
3510,161897.703125
3511,157024.1875
3512,150438.234375
3513,155376.140625
3514,195949
3515,149223.875
3516,229143.5
3517,120498.421875
3518,159697.546875
3519,142971.390625
3520,171784.3125
3521,168398.5625
3522,240921.390625
3523,108094.109375
3524,175156.265625
3525,157572.25
3526,117029.1328125
3527,179369.578125
3528,139233.25
3529,106878.078125
3530,198078.796875
3531,215566.765625
3532,192304.46875
3533,143103.953125
3534,147589.796875
3535,146367.90625
3536,160734.703125
3537,150781.34375
3538,189895.40625
3539,180807.640625
3540,196406.078125
3541,181819.609375
3542,185883.390625
3543,108350.0390625
3544,144779.109375
3545,156996.359375
3546,143895.96875
3547,182567.8125
3548,146601.328125
3549,184675.875
3550,130659.640625
3551,181069.515625
3552,212431.40625
3553,146274.984375
3554,142267.765625
3555,186852.640625
3556,134942.03125
3557,120695.2578125
3558,195371.734375
3559,165660.59375
3560,210285.484375
3561,258634.609375
3562,141569.59375
3563,212369.5625
3564,205411.40625
3565,160746.75
3566,186584.015625
3567,119415.390625
3568,189898.609375
3569,154332.078125
3570,171173.515625
3571,194110.921875
3572,200855.578125
3573,168216.71875
3574,174918.15625
3575,195273.71875
3576,131387.984375
3577,159904.765625
3578,178239.703125
3579,191594.40625
3580,200301.609375
3581,216016.5
3582,151965.203125
3583,197009.953125
3584,230651.5
3585,141719.90625
3586,180514.703125
3587,148774.390625
3588,127682.359375
3589,187104.96875
3590,183070.75
3591,299601.40625
3592,204310.984375
3593,161966.25
3594,155289.578125
3595,213600.296875
3596,183179.828125
3597,158687.953125
3598,158399.15625
3599,191210.75
3600,193473.765625
3601,121740.2890625
3602,111770.7734375
3603,149175.359375
3604,182803.328125
3605,201000.328125
3606,140134.21875
3607,149609.078125
3608,219314.0625
3609,214250.46875
3610,152048.515625
3611,119214.359375
3612,183332.734375
3613,165416.8125
3614,159873.265625
3615,200159.421875
3616,201865.71875
3617,149896.359375
3618,146125.421875
3619,142282.75
3620,148640.015625
3621,138547.1875
3622,155493.796875
3623,190062.3125
3624,191055.78125
3625,225856.65625
3626,219843.296875
3627,184565.796875
3628,125808.09375
3629,212072.5625
3630,179632.453125
3631,162225.78125
3632,204540.21875
3633,263809.03125
3634,146819.640625
3635,159815.703125
3636,266924.09375
3637,308537.625
3638,157080.609375
3639,280660.6875
3640,215017.34375
3641,151229.25
3642,219549
3643,179942.984375
3644,124559.40625
3645,233409.453125
3646,180864.28125
3647,124559.5078125
3648,123399.578125
3649,140412
3650,160143.15625
3651,157960.546875
3652,188076.09375
3653,135293.859375
3654,172299.09375
3655,165873.84375
3656,149116.296875
3657,151599.4375
3658,257642.09375
3659,152248.75
3660,143430.375
3661,166257.90625
3662,178917.203125
3663,127344.265625
3664,172756.71875
3665,150809.9375
3666,150586.609375
3667,140568.671875
3668,153793.390625
3669,171179.9375
3670,176656.078125
3671,184708.515625
3672,140360.203125
3673,168297.609375
3674,191135.609375
3675,197392.046875
3676,122491.2265625
3677,185034.828125
3678,233469.953125
3679,218735.484375
3680,231655.421875
3681,170410.4375
3682,197217.046875
3683,244840.609375
3684,147549.15625
3685,181708.25
3686,183261.796875
3687,134727.484375
3688,171996.265625
3689,139252.625
3690,184609.171875
3691,157027.453125
3692,102021.8984375
3693,288501.75
3694,227535.828125
3695,159124.296875
3696,208100.640625
3697,182975.484375
3698,179367.953125
3699,189757.078125
3700,199481.515625
3701,182866.25
3702,149272.484375
3703,141085.1875
3704,246261.84375
3705,167779.53125
3706,128402.3828125
3707,164113.265625
3708,146607.21875
3709,167443.59375
3710,163797.09375
3711,200578.796875
3712,149285.53125
3713,134744.21875
3714,140514.390625
3715,251988.953125
3716,157289.09375
3717,192060.6875
3718,219226.75
3719,138423.09375
3720,167907.359375
3721,136220.578125
3722,179602.609375
3723,215732.53125
3724,254207.171875
3725,121669.5234375
3726,240355.5625
3727,165354.984375
3728,152427.65625
3729,162856.1875
3730,133001.765625
3731,218012.90625
3732,164613.3125
3733,123145.34375
3734,134825.359375
3735,156118.734375
3736,139194.359375
3737,171479.953125
3738,141054.125
3739,197753.96875
3740,169487.4375
3741,118002.234375
3742,153659.984375
3743,185653.625
3744,131129.859375
3745,129224.1796875
3746,153295.078125
3747,255149.453125
3748,183975.546875
3749,180413.21875
3750,251524.53125
3751,203598.703125
3752,207117.75
3753,239115.859375
3754,250730.9375
3755,174659.515625
3756,201972.046875
3757,114794.5078125
3758,172167.9375
3759,173164.125
3760,238247.421875
3761,145709.140625
3762,180547.4375
3763,215160.140625
3764,184839.5
3765,243457.65625
3766,178174.703125
3767,198749.46875
3768,218982.953125
3769,164203.015625
3770,213203.875
3771,138621
3772,139417.53125
3773,210835.34375
3774,156372.46875
3775,243752.921875
3776,129185.875
3777,193106.4375
3778,164468.265625
3779,187189.640625
3780,143508.78125
3781,185662.25
3782,127252.203125
3783,135229.171875
3784,133476.734375
3785,149660.578125
3786,208228.484375
3787,179561.46875
3788,114785.6015625
3789,150879.484375
3790,99377.390625
3791,251274.171875
3792,177066.390625
3793,166088.109375
3794,123945.0625
3795,187414.140625
3796,238387.734375
3797,144669.453125
3798,164305.578125
3799,124136.671875
3800,204863.390625
3801,150648.859375
3802,147593.421875
3803,145707.109375
3804,197531.9375
3805,163069.625
3806,141130.390625
3807,190860.546875
3808,158072.9375
3809,203029.15625
3810,178654.328125
3811,275929.90625
3812,191924.125
3813,159389.890625
3814,204407.625
3815,154067.8125
3816,152214.484375
3817,224105.328125
3818,222297.34375
3819,180142.578125
3820,128227.1484375
3821,121371.6953125
3822,159785.3125
3823,135481.65625
3824,126291.0546875
3825,151999.8125
3826,150918.953125
3827,178525.015625
3828,135140.296875
3829,150488.765625
3830,137248.546875
3831,197616.8125
3832,213509
3833,171151.0625
3834,125152.4140625
3835,227866.46875
3836,195952.375
3837,122019.6796875
3838,177441.796875
3839,192988.625
3840,170930.421875
3841,248014.859375
3842,205304.234375
3843,188160
3844,164811.640625
3845,139124.859375
3846,136563.734375
3847,177680.15625
3848,187385.09375
3849,210465.421875
3850,140068.375
3851,235018.328125
3852,135516.078125
3853,152799.953125
3854,263209.1875
3855,168544.578125
3856,146479.21875
3857,248144.609375
3858,161384.015625
3859,127710.484375
3860,142985.0625
3861,183566.5
3862,216442.796875
3863,123708.9609375
3864,192604.046875
3865,158852.46875
3866,183036.453125
3867,166643.046875
3868,278554
3869,139624.109375
3870,215884.328125
3871,175116.328125
3872,180595.5
3873,143030.203125
3874,243631.515625
3875,145485.25
3876,136351.6875
3877,171393.25
3878,107064.28125
3879,121420.140625
3880,182425
3881,153144.0625
3882,174170.578125
3883,120343.1953125
3884,255370.546875
3885,166792.75
3886,136598.78125
3887,182382.453125
3888,201448.96875
3889,284130.875
3890,154782.59375
3891,171096.703125
3892,192186.15625
3893,141903.171875
3894,164463.40625
3895,158145.75
3896,177687.859375
3897,138756.75
3898,248075.21875
3899,168341.875
3900,117641.734375
3901,181564.96875
3902,145348.03125
3903,204959.625
3904,244005.5
3905,123891.578125
3906,128852.921875
3907,144906.421875
3908,158192.03125
3909,130231.6328125
3910,198512.96875
3911,132496.578125
3912,199789.765625
3913,156231.78125
3914,172346.125
3915,294155.84375
3916,156463.84375
3917,243169.859375
3918,132728.828125
3919,141692.734375
3920,123823.171875
3921,146847.53125
3922,137175.078125
3923,252188.625
3924,158717.46875
3925,219356.734375
3926,184005.515625
3927,265574.71875
3928,185179.4375
3929,150389.078125
3930,201976.453125
3931,154214.1875
3932,140080.703125
3933,175504.703125
3934,166175.71875
3935,151307.78125
3936,150541
3937,160345.484375
3938,172481.25
3939,140959.765625
3940,194018.4375
3941,137161.015625
3942,173128.1875
3943,163229.796875
3944,98490.03125
3945,219959.875
3946,142204.890625
3947,155963.390625
3948,222723.578125
3949,152417.890625
3950,192500.125
3951,167480.265625
3952,141358.859375
3953,192545.46875
3954,243778.796875
3955,163948.375
3956,156427.46875
3957,177698.1875
3958,143138.28125
3959,174600.140625
3960,98841
3961,165640.53125
3962,181140.046875
3963,171866.640625
3964,175927.515625
3965,120696.171875
3966,164265.359375
3967,123211.640625
3968,111508.9453125
3969,188859.40625
3970,180023.8125
3971,135758.453125
3972,161369.796875
3973,172610.4375
3974,140465.96875
3975,226232.890625
3976,135421.796875
3977,158105.4375
3978,277306.78125
3979,195745.09375
3980,177786.1875
3981,189934.40625
3982,139382.421875
3983,155430.4375
3984,164552.921875
3985,179130.6875
3986,205955.625
3987,116428.359375
3988,218759.875
3989,150608.34375
3990,229900.359375
3991,151296.03125
3992,252787.71875
3993,144157.65625
3994,176257.6875
3995,170794.84375
3996,220169.078125
3997,192075.1875
3998,203031.40625
3999,147536.796875
4000,170041.546875
4001,171221.328125
4002,242543.96875
4003,139266.796875
4004,116197.84375
4005,130432.4375
4006,156075.796875
4007,141828.25
4008,156211.46875
4009,170489.65625
4010,129625.1171875
4011,217550.078125
4012,215202.234375
4013,138196.359375
4014,119158.1015625
4015,149345.421875
4016,159495.90625
4017,116770.6484375
4018,153651.25
4019,142743.234375
4020,166367.21875
4021,203452.546875
4022,169882.203125
4023,159595.359375
4024,181313.515625
4025,175849.765625
4026,122992.3125
4027,191693.484375
4028,159920.203125
4029,129583.71875
4030,162774.671875
4031,208055.828125
4032,151445.09375
4033,237348.421875
4034,190832.40625
4035,131358.5
4036,153118.90625
4037,197311.796875
4038,172609.21875
4039,208910.890625
4040,155675.71875
4041,148846.34375
4042,126968.0859375
4043,136541.828125
4044,227599.5
4045,167037.546875
4046,153200.203125
4047,280442.21875
4048,185128.953125
4049,136082.71875
4050,165111.171875
4051,143746.015625
4052,193847.25
4053,191999.109375
4054,182617.90625
4055,159196.828125
4056,231671.21875
4057,213605.40625
4058,172566.578125
4059,237054.671875
4060,157411.5
4061,177675.59375
4062,165068.34375
4063,102504.765625
4064,192385.203125
4065,152662.3125
4066,193719.703125
4067,180400.828125
4068,122574.8359375
4069,138072.8125
4070,198053.5
4071,216937.390625
4072,186056.828125
4073,126307.5859375
4074,145885.359375
4075,109324.484375
4076,156327.203125
4077,134671.875
4078,192468.453125
4079,139235.6875
4080,209230.8125
4081,159570.78125
4082,166749.0625
4083,132189.125
4084,183802.09375
4085,239501.609375
4086,168765.34375
4087,169733.15625
4088,205463.6875
4089,247378.34375
4090,177306.84375
4091,168704.65625
4092,141118.5625
4093,184382.8125
4094,125111.2578125
4095,175776.5625
4096,143429.046875
4097,184566.921875
4098,169142.34375
4099,143784.625
4100,122075.7109375
4101,182052.078125
4102,123721.9296875
4103,155084.59375
4104,147340.71875
4105,181992.390625
4106,142267.203125
4107,126545.3125
4108,151367.875
4109,192357.953125
4110,172628.40625
4111,136581.296875
4112,187197.078125
4113,153995.296875
4114,248981.703125
4115,125234.859375
4116,118930.1171875
4117,242958.21875
4118,233478.96875
4119,189050.453125
4120,144958.609375
4121,140426.890625
4122,197961.46875
4123,178553.609375
4124,121293.453125
4125,153548.1875
4126,186916.546875
4127,262895.25
4128,150231.734375
4129,156257.328125
4130,150361.15625
4131,167096.234375
4132,172044.203125
4133,170565.515625
4134,146442.90625
4135,179397.859375
4136,198433.1875
4137,191110.046875
4138,115404.2265625
4139,153736.3125
4140,162735.75
4141,160352.78125
4142,169656.625
4143,122142.2421875
4144,176868.328125
4145,158417.796875
4146,206171.640625
4147,135751.53125
4148,127713.421875
4149,209382.515625
4150,165749.296875
4151,202493.765625
4152,135021.546875
4153,122206.859375
4154,196836.703125
4155,105649.2265625
4156,145427.96875
4157,108562.3828125
4158,157548.46875
4159,227181.8125
4160,242440.40625
4161,152063.390625
4162,202355.421875
4163,172663
4164,192096.1875
4165,252146.75
4166,158421.03125
4167,138310.375
4168,218212.671875
4169,158040.609375
4170,216746.109375
4171,185944.765625
4172,179699
4173,145775.9375
4174,190755.25
4175,153602.609375
4176,140725.03125
4177,159121.859375
4178,195629.15625
4179,198532.375
4180,146984.8125
4181,246182.4375
4182,140391.578125
4183,169899.4375
4184,198218.90625
4185,156693.296875
4186,158848.15625
4187,263825.25
4188,203776.875
4189,141725.625
4190,185639.8125
4191,226885.0625
4192,164404.921875
4193,124571.8046875
4194,173624.328125
4195,236219.765625
4196,158327.375
4197,174001.796875
4198,155058.953125
4199,143949.203125
4200,96689.2265625
4201,159373.78125
4202,134562.765625
4203,136230.84375
4204,126450.640625
4205,163768.03125
4206,157479.140625
4207,190310.703125
4208,154472.53125
4209,190754.609375
4210,171860.4375
4211,222976.71875
4212,131270.15625
4213,171728.28125
4214,177956.8125
4215,143078.578125
4216,237088.53125
4217,169012.984375
4218,174541.671875
4219,163145.09375
4220,102616.34375
4221,198102.28125
4222,159749.953125
4223,173376.4375
4224,145287.40625
4225,159688
4226,170421.8125
4227,241558.015625
4228,135921.6875
4229,145926.109375
4230,194933.9375
4231,203191.921875
4232,145637.484375
4233,162701.671875
4234,126174.7265625
4235,230566.703125
4236,127282.2109375
4237,158984.546875
4238,145334.546875
4239,146378.765625
4240,123226.6875
4241,149212.078125
4242,143296.96875
4243,208614.421875
4244,137063.625
4245,160585.9375
4246,200860.59375
4247,137007.96875
4248,279020.75
4249,245398.078125
4250,154858.125
4251,172487.5625
4252,151728.109375
4253,139276.34375
4254,140042.28125
4255,146544.421875
4256,183178.359375
4257,143048.40625
4258,164897.6875
4259,238851.921875
4260,156402.4375
4261,161294.578125
4262,211328.859375
4263,94500.015625
4264,167171.25
4265,246220.546875
4266,208484
4267,171231.53125
4268,87895.765625
4269,121582.5703125
4270,215528.90625
4271,148214.640625
4272,160865.8125
4273,180019.09375
4274,148728.609375
4275,194840.8125
4276,200794.390625
4277,193252.171875
4278,184730.59375
4279,156980.15625
4280,251944.484375
4281,148776.65625
4282,156023.109375
4283,155306.4375
4284,146456.078125
4285,215400.796875
4286,202142.265625
4287,150387.296875
4288,135359.703125
4289,155852.953125
4290,174686.9375
4291,215782.5
4292,262160.1875
4293,136765.8125
4294,144711.40625
4295,186285.453125
4296,196529.15625
4297,188625.765625
4298,179842.9375
4299,157761.0625
4300,185589.421875
4301,223360.453125
4302,201862.078125
4303,221740.4375
4304,203967.171875
4305,217992.65625
4306,131423.0625
4307,176712.765625
4308,99127.0390625
4309,245443.34375
4310,133385.90625
4311,141628.734375
4312,249900.109375
4313,174093.25
4314,178771.8125
4315,180326.875
4316,184065.65625
4317,220500.515625
4318,245982.90625
4319,145898.84375
4320,115254.09375
4321,200063.65625
4322,164373.53125
4323,298284.25
4324,232063.734375
4325,213504.625
4326,158923.328125
4327,201291.21875
4328,190100.765625
4329,227522.890625
4330,168441.890625
4331,114402.671875
4332,254742.265625
4333,185760
4334,204880.296875
4335,122539.234375
4336,262176.4375
4337,216223.984375
4338,130997.203125
4339,198298.765625
4340,144898.1875
4341,141998.171875
4342,175354.21875
4343,151498.65625
4344,136280.15625
4345,159380.390625
4346,116721.5625
4347,175956.078125
4348,162701.796875
4349,128460.0390625
4350,168263.09375
4351,256110.3125
4352,144267.609375
4353,150278.78125
4354,132760.21875
4355,171968
4356,145690.421875
4357,136584.25
4358,203298.15625
4359,162334.15625
4360,216832.6875
4361,210980.359375
4362,299056.78125
4363,231801.875
4364,193872.09375
4365,115984.59375
4366,140628.03125
4367,153668.046875
4368,156071.984375
4369,210182.46875
4370,152440.390625
4371,176331.328125
4372,137223.859375
4373,121819.8125
4374,350988.5625
4375,187087.90625
4376,166092.453125
4377,209365.703125
4378,244964.078125
4379,170692.390625
4380,160184.203125
4381,175889.671875
4382,152465.578125
4383,183494.21875
4384,157933.46875
4385,154879.484375
4386,170466.421875
4387,147964.828125
4388,245934.109375
4389,189321.59375
4390,167329.65625
4391,182044.75
4392,178894.03125
4393,254425.15625
4394,155202.015625
4395,222485.359375
4396,152413.515625
4397,139940.828125
4398,131490.90625
4399,243926.1875
4400,130253.6796875
4401,207335.0625
4402,160903.234375
4403,145286.078125
4404,249971.40625
4405,212120.40625
4406,173777.703125
4407,198093.734375
4408,146065.84375
4409,137719.765625
4410,180538.5
4411,143259.59375
4412,124966.5703125
4413,148291.71875
4414,151800.453125
4415,207902.1875
4416,128480.375
4417,210873.671875
4418,212815.40625
4419,187438.140625
4420,257649.25
4421,164907.78125
4422,166501.875
4423,205140.671875
4424,187575.984375
4425,211390.3125
4426,209493.25
4427,163596.703125
4428,174601.59375
4429,142853.75
4430,199381.90625
4431,160040.078125
4432,156657.09375
4433,182078.859375
4434,177454.546875
4435,182470.0625
4436,194943.125
4437,152474.46875
4438,186766.078125
4439,158765.171875
4440,153438.109375
4441,157639.53125
4442,109740.671875
4443,172209.703125
4444,147088.734375
4445,184706.34375
4446,173026.84375
4447,159732.296875
4448,254399.875
4449,166610.90625
4450,275007.4375
4451,208860.015625
4452,197086.375
4453,193628.75
4454,225685.109375
4455,214575.671875
4456,125779.90625
4457,158257.5625
4458,116212.3515625
4459,200640.765625
4460,190761.21875
4461,154238.90625
4462,168920.21875
4463,187790.734375
4464,150784.71875
4465,129143.3203125
4466,135307.6875
4467,227464.96875
4468,247631
4469,300100.25
4470,110237.9765625
4471,170235
4472,125872.6015625
4473,115363.71875
4474,125537.0234375
4475,185809.671875
4476,153896.578125
4477,181228.765625
4478,134376.875
4479,157924.015625
4480,211142.640625
4481,168786.8125
4482,193151.890625
4483,190808.265625
4484,145534.671875
4485,179063.53125
4486,138550.46875
4487,132369.140625
4488,129807.234375
4489,169868.921875
4490,153390.640625
4491,193412.390625
4492,127842.484375
4493,225850.6875
4494,141334.65625
4495,201024.6875
4496,224678.90625
4497,138895.203125
4498,152738.984375
4499,215106.890625
4500,125362.46875
4501,175569.671875
4502,155160.234375
4503,194326.796875
4504,147673.484375
4505,220495.75
4506,136404.875
4507,166408.078125
4508,101001.09375
4509,151638.28125
4510,135728.015625
4511,175421.734375
4512,226803.15625
4513,215680.609375
4514,182015.84375
4515,165002.515625
4516,182449.46875
4517,166468.296875
4518,162116.53125
4519,133606.59375
4520,137265.546875
4521,166854.34375
4522,138922.90625
4523,155435.703125
4524,176635.0625
4525,158897.90625
4526,166476.96875
4527,143777.578125
4528,300537.1875
4529,244968.71875
4530,154075.8125
4531,216410.375
4532,140340.375
4533,159857
4534,150415.640625
4535,139924.28125
4536,205148.796875
4537,178362.953125
4538,153874.34375
4539,174636.328125
4540,132294.875
4541,156065.390625
4542,149467.5
4543,162956.796875
4544,170048.484375
4545,143069.296875
4546,262978.59375
4547,154715.265625
4548,150121.65625
4549,245672.421875
4550,176659.625
4551,123513.0625
4552,204329.453125
4553,199130.75
4554,194421.03125
4555,138005.671875
4556,119622.5
4557,172281.8125
4558,228563.875
4559,146143.484375
4560,151135.0625
4561,137181.328125
4562,178685.890625
4563,204607.828125
4564,144687.953125
4565,145294.796875
4566,153946.171875
4567,180527.984375
4568,213186.9375
4569,145283.375
4570,162239.796875
4571,153722.21875
4572,195819.734375
4573,147594.328125
4574,184391.953125
4575,124373.2734375
4576,170303.59375
4577,155147.09375
4578,151382.25
4579,144120.875
4580,137200.921875
4581,180351.71875
4582,128970.6328125
4583,188518.796875
4584,188054.75
4585,155905.984375
4586,167931
4587,311390.65625
4588,189765.421875
4589,173778.0625
4590,169013.53125
4591,167444.234375
4592,121646.5859375
4593,215105.375
4594,134787.53125
4595,158143.5625
4596,137173.40625
4597,199248.109375
4598,147729.046875
4599,138774.390625
4600,150995.75
4601,168136.0625
4602,184374.265625
4603,169132.375
4604,214264.796875
4605,152427.515625
4606,230637.03125
4607,117731.21875
4608,264564.5625
4609,143684.421875
4610,162473.921875
4611,162849.875
4612,142133.078125
4613,152363.28125
4614,175907.625
4615,205971.265625
4616,158903.828125
4617,175455.796875
4618,159909.015625
4619,156920.0625
4620,194749.78125
4621,155025.546875
4622,140223.6875
4623,137929.515625
4624,132729.421875
4625,177794.484375
4626,186826.484375
4627,155868.234375
4628,100540.984375
4629,153696.8125
4630,114239.7421875
4631,144897.28125
4632,151184.953125
4633,181754.78125
4634,161504.890625
4635,196182.84375
4636,151154.890625
4637,153564.78125
4638,175151.125
4639,164127.734375
4640,139639.5625
4641,121129.2265625
4642,202195.6875
4643,270498.5625
4644,142972.046875
4645,210236.453125
4646,315586.75
4647,166006.359375
4648,126460.8515625
4649,182035.390625
4650,202307.84375
4651,165452.625
4652,160731.078125
4653,247760.84375
4654,224424
4655,138336.515625
4656,128651.4375
4657,139094.25
4658,132738.28125
4659,190991.609375
4660,276124.71875
4661,157150.71875
4662,186427.765625
4663,195356.5625
4664,188165.390625
4665,164477.796875
4666,146160.4375
4667,148443.59375
4668,175289.5
4669,146338.828125
4670,144985.921875
4671,168593.484375
4672,199907.484375
4673,159915.21875
4674,165747.9375
4675,170332.3125
4676,264681.3125
4677,112542.3671875
4678,150055.390625
4679,143225.5
4680,215255.40625
4681,167165.515625
4682,206371.90625
4683,162149.234375
4684,213062.484375
4685,169853.3125
4686,251025.859375
4687,152381.9375
4688,130188.0703125
4689,195787.796875
4690,135206.03125
4691,163301.625
4692,234686.125
4693,237843.984375
4694,175361.078125
4695,164389.6875
4696,119166.015625
4697,161606.578125
4698,243697.21875
4699,162356.84375
4700,136681.953125
4701,269597.90625
4702,256066.515625
4703,224955.4375
4704,154878.453125
4705,167449.1875
4706,244508.65625
4707,196349.296875
4708,226440.828125
4709,166466.46875
4710,156487.921875
4711,145307.609375
4712,193147.359375
4713,165339.328125
4714,149853.078125
4715,177291.1875
4716,287463.625
4717,153540.28125
4718,136257.21875
4719,197402.03125
4720,135024.515625
4721,207515.09375
4722,181311.40625
4723,174797.40625
4724,176867.5625
4725,215908.46875
4726,174751.9375
4727,212520.484375
4728,117874.6953125
4729,160545.125
4730,179161.078125
4731,130833.703125
4732,205341.390625
4733,196132.03125
4734,233559.453125
4735,147340.5625
4736,246421.53125
4737,216371.140625
4738,241630.9375
4739,336454.15625
4740,172801.390625
4741,212729.234375
4742,180698.03125
4743,145199.4375
4744,134783.609375
4745,166241.65625
4746,233351.8125
4747,131028.625
4748,149204.65625
4749,120181.6015625
4750,281193.34375
4751,113333.28125
4752,203134.234375
4753,188454.96875
4754,162822.234375
4755,122458.984375
4756,276259.5625
4757,136093.953125
4758,142620.5625
4759,218516.28125
4760,330134.125
4761,170089.1875
4762,168056.3125
4763,169383.03125
4764,165830.046875
4765,146860.46875
4766,137433.421875
4767,138247.9375
4768,165999.078125
4769,189977.875
4770,221859.40625
4771,181802.3125
4772,122279.84375
4773,158215.46875
4774,168501.59375
4775,189970.359375
4776,150898.625
4777,153602.5625
4778,255983.890625
4779,174925.734375
4780,177877.875
4781,174678.84375
4782,158948.40625
4783,188659.109375
4784,167760.65625
4785,231718.234375
4786,107450.1171875
4787,191484.296875
4788,186899.21875
4789,229338.1875
4790,216999.03125
4791,204398.09375
4792,130982.09375
4793,206202.375
4794,223846.765625
4795,121550.953125
4796,209172.015625
4797,147973.515625
4798,233360
4799,177371.640625
4800,226474.015625
4801,214797.5
4802,132204.640625
4803,153255.03125
4804,193292.0625
4805,168959.078125
4806,175742.734375
4807,195050.21875
4808,188850.109375
4809,222675.3125
4810,153644.03125
4811,149419.5
4812,152471.515625
4813,197238.625
4814,144902.953125
4815,135756.3125
4816,218459.640625
4817,185855.671875
4818,175645.359375
4819,140764.890625
4820,190626.640625
4821,190495.15625
4822,158757.828125
4823,159797.03125
4824,130009.25
4825,144241.859375
4826,191142.765625
4827,154586.40625
4828,228476.859375
4829,181825.453125
4830,152462.078125
4831,188255.234375
4832,216373.03125
4833,134690.53125
4834,198503.734375
4835,221557.1875
4836,202868.9375
4837,157219.40625
4838,159899.9375
4839,226268.359375
4840,169967.296875
4841,161100.90625
4842,159431.71875
4843,232595.734375
4844,225136.703125
4845,149846.953125
4846,147846.625
4847,115716.109375
4848,166717.578125
4849,187506.8125
4850,190894.96875
4851,200769.640625
4852,118966.0625
4853,141520.5
4854,146700.1875
4855,198898.734375
4856,190471.953125
4857,222878.625
4858,147890.609375
4859,144540.71875
4860,148769.90625
4861,201793.359375
4862,165452.140625
4863,181374.71875
4864,207136.03125
4865,151174.890625
4866,160698.390625
4867,180143.796875
4868,157085.234375
4869,129505.125
4870,189684.671875
4871,169000.5
4872,190988.453125
4873,215664.3125
4874,141298.8125
4875,131420.796875
4876,131779.359375
4877,174696.71875
4878,146315.875
4879,171496.703125
4880,270528.09375
4881,212213.71875
4882,120039.3515625
4883,336370.15625
4884,217612.03125
4885,157603.328125
4886,176883.03125
4887,123312.8125
4888,211846.1875
4889,166887.5625
4890,135516.625
4891,119443.65625
4892,100428.4375
4893,213469.984375
4894,159422.46875
4895,168347.125
4896,168453.78125
4897,174711.84375
4898,98821.9921875
4899,216826.875
4900,223715.046875
4901,170856.359375
4902,187745.109375
4903,159151.5
4904,171552.65625
4905,149596.203125
4906,190407.546875
4907,129780.7734375
4908,173922.84375
4909,169179.078125
4910,287837.34375
4911,152078.328125
4912,122798.078125
4913,225895.203125
4914,152109.109375
4915,185084.5
4916,134981.765625
4917,141181.609375
4918,134744.796875
4919,155559.796875
4920,166218.171875
4921,174044.390625
4922,160397.53125
4923,204564.53125
4924,153728.3125
4925,164041.28125
4926,132800.78125
4927,198528.265625
4928,189951.90625
4929,285106.0625
4930,252209.71875
4931,159974.296875
4932,182028.875
4933,147782.15625
4934,177471.296875
4935,145280.046875
4936,153334.53125
4937,125387.703125
4938,189865.6875
4939,171700.6875
4940,174275.609375
4941,186123.546875
4942,109955.859375
4943,188247.65625
4944,214601.609375
4945,145156.6875
4946,207230.84375
4947,158373.640625
4948,229631.65625
4949,212193.59375
4950,142338.453125
4951,253069.078125
4952,165843.59375
4953,146211.046875
4954,213656.21875
4955,143248.625
4956,146982.09375
4957,139910.296875
4958,144025.15625
4959,184740.171875
4960,180981.40625
4961,166446.375
4962,212462.34375
4963,212419.5625
4964,215046.265625
4965,109865.1328125
4966,126410.296875
4967,165784.796875
4968,162292.03125
4969,156665.71875
4970,179282.375
4971,166093.234375
4972,179584.03125
4973,188131.921875
4974,163417.21875
4975,161082.34375
4976,211238.84375
4977,220528.59375
4978,140699.109375
4979,231935.5
4980,151177.234375
4981,145009.359375
4982,138038.03125
4983,184677.109375
4984,132483.296875
4985,108786.5859375
4986,199861.6875
4987,216600.84375
4988,253008.609375
4989,212704.75
4990,150825.8125
4991,134441.296875
4992,156921.40625
4993,125387.2578125
4994,195741.984375
4995,195384.328125
4996,140285.59375
4997,254804.359375
4998,199767.0625
4999,155305.21875
5000,217700.671875
